sample_id,brief_id,brief_sha256,subject,coverage_tag,primary_class,topic,responsible_creator,creator_type,rights_holder,rights_status,open_license,draft_status,content_sha256,teacher_decision,teacher_reviewer_name,teacher_reviewer_role,teacher_reviewed_at,safeguarding_decision,safeguarding_reviewer_name,safeguarding_reviewer_role,safeguarding_reviewed_at,approved_for_training,notes
pilot-v1-mathematics-p1-01,mathematics-p1-01,69a74152498b0e25cb541e9cf6ec5c87256a8ce3466d6b775a317a81f292275d,mathematics,nigerian_primary_mathematics,1,"Counting, reading and writing whole numbers to 100",Treasure Academy Ageva,AI_ASSISTED,Treasure Academy Ageva,CONFIRMED_INTERNAL_MODEL_USE,,DRAFTED,4e0cb9dc5eb9868e86cef2d54874be1cd2555b942bb2bd525d16267afe199852,PENDING,,,,PENDING,,,,false,AI-assisted private draft generated from the owner-authorized brief; named teacher and safeguarding reviews remain PENDING.
pilot-v1-mathematics-p1-02,mathematics-p1-02,6451e32c3abdf342acfb1d0924ba8712cb4464501b3ce0ba4c2f6a42afaac66e,mathematics,nigerian_primary_mathematics,1,Ordering numbers and understanding tens and ones,Treasure Academy Ageva,AI_ASSISTED,Treasure Academy Ageva,CONFIRMED_INTERNAL_MODEL_USE,,DRAFTED,610cf379ca038fa9203f23d571bac21ba4181f38ce8678123115d7c36e0a2b26,PENDING,,,,PENDING,,,,false,AI-assisted private draft generated from the owner-authorized brief; named teacher and safeguarding reviews remain PENDING.
pilot-v1-mathematics-p1-03,mathematics-p1-03,ebfb1f0b9bcfba4c5f32762bd051c88863c76dfd0d73bd74b789815d8286f893,mathematics,nigerian_primary_mathematics,1,Addition and subtraction within 20,Treasure Academy Ageva,AI_ASSISTED,Treasure Academy Ageva,CONFIRMED_INTERNAL_MODEL_USE,,DRAFTED,64ac662340af4a05dbe61103be8dc0cee71c5e9ac42b1306bba3ebe0fd670c39,PENDING,,,,PENDING,,,,false,AI-assisted private draft generated from the owner-authorized brief; named teacher and safeguarding reviews remain PENDING.
pilot-v1-mathematics-p1-04,mathematics-p1-04,74fb47c906451de0bb071fe48ee3f1e452aed63b88a081d50cc7f9335131a70b,mathematics,nigerian_primary_mathematics,1,Halves and quarters using familiar objects,Treasure Academy Ageva,AI_ASSISTED,Treasure Academy Ageva,CONFIRMED_INTERNAL_MODEL_USE,,DRAFTED,0ebbf7fd62bb61f1086ac9ece8840ddd2ac92aed6df226fa15c8f8d3627da56e,PENDING,,,,PENDING,,,,false,AI-assisted private draft generated from the owner-authorized brief; named teacher and safeguarding reviews remain PENDING.
pilot-v1-mathematics-p1-05,mathematics-p1-05,855901f7c046fd465ae40caeb6c8d53eb51f2f2f72f7d92e201e4096fd42033e,mathematics,nigerian_primary_mathematics,1,Recognising Nigerian coins and naira notes,Treasure Academy Ageva,AI_ASSISTED,Treasure Academy Ageva,CONFIRMED_INTERNAL_MODEL_USE,,DRAFTED,6e7e53a3ef5f7f1aa13e176dd33cb07bce1da1c75e655fc02b77b56d785a14bb,PENDING,,,,PENDING,,,,false,AI-assisted private draft generated from the owner-authorized brief; named teacher and safeguarding reviews remain PENDING.
pilot-v1-mathematics-p1-06,mathematics-p1-06,16c43ca49f5545d3be0a54640018e4fe29d6d6a7df8c730d7b12256fae0a5807,mathematics,nigerian_primary_mathematics,1,"Comparing length, mass and capacity",Treasure Academy Ageva,AI_ASSISTED,Treasure Academy Ageva,CONFIRMED_INTERNAL_MODEL_USE,,DRAFTED,bd0ed4b621da0631c07a5065ae787236f20fc0ae56b636b0648a68de6248bd78,PENDING,,,,PENDING,,,,false,AI-assisted private draft generated from the owner-authorized brief; named teacher and safeguarding reviews remain PENDING.
pilot-v1-mathematics-p1-07,mathematics-p1-07,d80d2b3db639740214d7193077247334ea014817560aa927648117c1ceb4148f,mathematics,nigerian_primary_mathematics,1,"Days, months and telling time to the hour",Treasure Academy Ageva,AI_ASSISTED,Treasure Academy Ageva,CONFIRMED_INTERNAL_MODEL_USE,,DRAFTED,4e63e7c4355bb1c8350b25cd24f570201a5a391a5d98fbf1dd51bf76f6cb746e,PENDING,,,,PENDING,,,,false,AI-assisted private draft generated from the owner-authorized brief; named teacher and safeguarding reviews remain PENDING.
pilot-v1-mathematics-p1-08,mathematics-p1-08,bc1321d081d4b317e9df0e448f6f0a2289d796402ce6be4500a9ca6374641842,mathematics,nigerian_primary_mathematics,1,"Flat shapes, solid shapes, patterns and simple data",Treasure Academy Ageva,AI_ASSISTED,Treasure Academy Ageva,CONFIRMED_INTERNAL_MODEL_USE,,DRAFTED,42e6e3fb262f7ad335d33885f98f9caec790c48f159fc53910dc319a08f13010,PENDING,,,,PENDING,,,,false,AI-assisted private draft generated from the owner-authorized brief; named teacher and safeguarding reviews remain PENDING.
pilot-v1-mathematics-p2-01,mathematics-p2-01,d059c3a45dbf46954d2a94e23498686579cf68d8a830b87e6344d5c16c775e24,mathematics,nigerian_primary_mathematics,2,"Whole numbers to 1,000 and place value",Treasure Academy Ageva,AI_ASSISTED,Treasure Academy Ageva,CONFIRMED_INTERNAL_MODEL_USE,,DRAFTED,91683119fc05504b8ba9308f9e05f819ce89a821d1fb60c1859cceafadf38feb,PENDING,,,,PENDING,,,,false,AI-assisted private draft generated from the owner-authorized brief; named teacher and safeguarding reviews remain PENDING.
pilot-v1-mathematics-p2-02,mathematics-p2-02,0fb95d037bdab9373485bcb5d0e737b3781376a982d28f6da27828cf06116ac3,mathematics,nigerian_primary_mathematics,2,Skip counting and number patterns,Treasure Academy Ageva,AI_ASSISTED,Treasure Academy Ageva,CONFIRMED_INTERNAL_MODEL_USE,,DRAFTED,10f339ec6d20b6bfc2e8d1f313162d1ea5d113fc2d4a9b45393b324302cd5d32,PENDING,,,,PENDING,,,,false,AI-assisted private draft generated from the owner-authorized brief; named teacher and safeguarding reviews remain PENDING.
pilot-v1-mathematics-p2-03,mathematics-p2-03,663c91a109b12fbe1ba00feae0c062065eec010aa6eeb698c105e9b909489f0e,mathematics,nigerian_primary_mathematics,2,Addition and subtraction of two- and three-digit numbers,Treasure Academy Ageva,AI_ASSISTED,Treasure Academy Ageva,CONFIRMED_INTERNAL_MODEL_USE,,DRAFTED,9fe9c7e9b974cd78abf0afc21963a9361215aa5280a8438f7a552f3291b543d2,PENDING,,,,PENDING,,,,false,AI-assisted private draft generated from the owner-authorized brief; named teacher and safeguarding reviews remain PENDING.
pilot-v1-mathematics-p2-04,mathematics-p2-04,274908aaa92f88eb2286a4c54d72f9b0335e079905389056aab37c1c4ae6b05a,mathematics,nigerian_primary_mathematics,2,Multiplication as equal groups and division as sharing,Treasure Academy Ageva,AI_ASSISTED,Treasure Academy Ageva,CONFIRMED_INTERNAL_MODEL_USE,,DRAFTED,991602c540cab18225586a827be53152e8c79ddacfa848d11a45fe7eda3f9208,PENDING,,,,PENDING,,,,false,AI-assisted private draft generated from the owner-authorized brief; named teacher and safeguarding reviews remain PENDING.
pilot-v1-mathematics-p2-05,mathematics-p2-05,cff4c680220241acbe1715d76905800a229eebcec860aef67adce947b0885c5b,mathematics,nigerian_primary_mathematics,2,"Halves, thirds and quarters",Treasure Academy Ageva,AI_ASSISTED,Treasure Academy Ageva,CONFIRMED_INTERNAL_MODEL_USE,,DRAFTED,29537d15fd810ef8a2ba88d7e8e271d8e864cc7b1305cc5319c212f73a7888ee,PENDING,,,,PENDING,,,,false,AI-assisted private draft generated from the owner-authorized brief; named teacher and safeguarding reviews remain PENDING.
pilot-v1-mathematics-p2-06,mathematics-p2-06,df4b6589d601e9b843033a634ad062868bde0bc96d003187214d2ac67ce2f723,mathematics,nigerian_primary_mathematics,2,"Naira amounts, totals and simple change",Treasure Academy Ageva,AI_ASSISTED,Treasure Academy Ageva,CONFIRMED_INTERNAL_MODEL_USE,,DRAFTED,fd4d00f3b528acb9e797fd7840ca49695681cbdc326b00b0d3635a7ac6945b9c,PENDING,,,,PENDING,,,,false,AI-assisted private draft generated from the owner-authorized brief; named teacher and safeguarding reviews remain PENDING.
pilot-v1-mathematics-p2-07,mathematics-p2-07,7bcf629658074e436249397857bd57b34d90f24f7bf6f0b667f4ab61d015518a,mathematics,nigerian_primary_mathematics,2,"Length, mass, capacity, time and calendars",Treasure Academy Ageva,AI_ASSISTED,Treasure Academy Ageva,CONFIRMED_INTERNAL_MODEL_USE,,DRAFTED,04fcfedaac9770504a5213f95d87cc52ece04a4eb55d1e0005f3b2599f3ac157,PENDING,,,,PENDING,,,,false,AI-assisted private draft generated from the owner-authorized brief; named teacher and safeguarding reviews remain PENDING.
pilot-v1-mathematics-p2-08,mathematics-p2-08,17d26167dad1c3a99ba0271a843cce9461bde58622ff1cb7ed405fab13d43245,mathematics,nigerian_primary_mathematics,2,"Shapes, symmetry, tables and picture graphs",Treasure Academy Ageva,AI_ASSISTED,Treasure Academy Ageva,CONFIRMED_INTERNAL_MODEL_USE,,DRAFTED,7ce670d8c161080d11c8e05ede90f518befb0ee1dbd565265983395e77caac9c,PENDING,,,,PENDING,,,,false,AI-assisted private draft generated from the owner-authorized brief; named teacher and safeguarding reviews remain PENDING.
pilot-v1-mathematics-p3-01,mathematics-p3-01,d4be9e69fb6ee7e2ba2269d5bfea1dd129b4981f8aa731d00761e45daf2aaba8,mathematics,nigerian_primary_mathematics,3,"Whole numbers to 10,000 and expanded form",Treasure Academy Ageva,AI_ASSISTED,Treasure Academy Ageva,CONFIRMED_INTERNAL_MODEL_USE,,DRAFTED,7895ebc4a4c630c163237fedb825cf42fc2f0791264b418b2307702e8f0bdd9f,PENDING,,,,PENDING,,,,false,AI-assisted private draft generated from the owner-authorized brief; named teacher and safeguarding reviews remain PENDING.
pilot-v1-mathematics-p3-02,mathematics-p3-02,8e85de15c89ac52d65af7543e7cbad86e3c46cfd12bea22f42b2c36bbcbc80b3,mathematics,nigerian_primary_mathematics,3,"Addition, subtraction and estimation",Treasure Academy Ageva,AI_ASSISTED,Treasure Academy Ageva,CONFIRMED_INTERNAL_MODEL_USE,,DRAFTED,c217e2bb53793bc23affac94647e0053d4ba5e36480a6999d0da615cb848a3e9,PENDING,,,,PENDING,,,,false,AI-assisted private draft generated from the owner-authorized brief; named teacher and safeguarding reviews remain PENDING.
pilot-v1-mathematics-p3-03,mathematics-p3-03,04ddf96e0ff653998f764582c17959d6f06b94a127279036c58181c9ac1d99ac,mathematics,nigerian_primary_mathematics,3,Multiplication tables and related division facts,Treasure Academy Ageva,AI_ASSISTED,Treasure Academy Ageva,CONFIRMED_INTERNAL_MODEL_USE,,DRAFTED,148af6786a5a154a1d10d5da4a2faa7146306514af5b49d423d4622c26e5f163,PENDING,,,,PENDING,,,,false,AI-assisted private draft generated from the owner-authorized brief; named teacher and safeguarding reviews remain PENDING.
pilot-v1-mathematics-p3-04,mathematics-p3-04,3bed05550404ff9f221595e9fc5e8f52bfdb165947bc0dd752f769ccad4c29eb,mathematics,nigerian_primary_mathematics,3,Fractions and introductory decimal notation,Treasure Academy Ageva,AI_ASSISTED,Treasure Academy Ageva,CONFIRMED_INTERNAL_MODEL_USE,,DRAFTED,607bdb65393073c72304f16dd3b5eddda31f12806ca61800a3e428ed6f3d464f,PENDING,,,,PENDING,,,,false,AI-assisted private draft generated from the owner-authorized brief; named teacher and safeguarding reviews remain PENDING.
pilot-v1-mathematics-p3-05,mathematics-p3-05,6565528853e2c2c918f30cc841bd3ff3cb49030f4d729896616b42518fbcf456,mathematics,nigerian_primary_mathematics,3,Naira word problems and responsible spending,Treasure Academy Ageva,AI_ASSISTED,Treasure Academy Ageva,CONFIRMED_INTERNAL_MODEL_USE,,DRAFTED,206448f67a5e5b4396659e2a14b012d0d0b3f6474437b86b5bf03c55036574bc,PENDING,,,,PENDING,,,,false,AI-assisted private draft generated from the owner-authorized brief; named teacher and safeguarding reviews remain PENDING.
pilot-v1-mathematics-p3-06,mathematics-p3-06,d546f8cc4623849302a6927d53924255a8f269ff670d37e2bb24c74fce6127a8,mathematics,nigerian_primary_mathematics,3,"Metric measurement, perimeter and time",Treasure Academy Ageva,AI_ASSISTED,Treasure Academy Ageva,CONFIRMED_INTERNAL_MODEL_USE,,DRAFTED,a03f18468e8c94c688ef16b8665479be4ba2f3b4efafa0aec65f060d42bec8fa,PENDING,,,,PENDING,,,,false,AI-assisted private draft generated from the owner-authorized brief; named teacher and safeguarding reviews remain PENDING.
pilot-v1-mathematics-p3-07,mathematics-p3-07,22a6b4c4bef1ca4c235bd8fc73034248c2128a28a621c5d4b70dce5f51f051ca,mathematics,nigerian_primary_mathematics,3,"Lines, angles and properties of common shapes",Treasure Academy Ageva,AI_ASSISTED,Treasure Academy Ageva,CONFIRMED_INTERNAL_MODEL_USE,,DRAFTED,f108564eb5136c18f6780bf0e612c18300852a6a2c0f0144f70c35965f7a2be0,PENDING,,,,PENDING,,,,false,AI-assisted private draft generated from the owner-authorized brief; named teacher and safeguarding reviews remain PENDING.
pilot-v1-mathematics-p3-08,mathematics-p3-08,967e99cab7a84b47d64296ee76d56ef8ffd4308b9571481b7ba04cc0a7157da0,mathematics,nigerian_primary_mathematics,3,"Tables, bar charts and multi-step word problems",Treasure Academy Ageva,AI_ASSISTED,Treasure Academy Ageva,CONFIRMED_INTERNAL_MODEL_USE,,DRAFTED,d8505f5d3a370389716afff8df1a43ebd1d4ce17d69154bcada4a6926fad0a7e,PENDING,,,,PENDING,,,,false,AI-assisted private draft generated from the owner-authorized brief; named teacher and safeguarding reviews remain PENDING.
pilot-v1-mathematics-p4-01,mathematics-p4-01,71ab4faab3c968b41dfa67276277d442237f1ed283b5f5d039c06b9ee0c459ee,mathematics,nigerian_primary_mathematics,4,Large whole numbers and place value,Treasure Academy Ageva,AI_ASSISTED,Treasure Academy Ageva,CONFIRMED_INTERNAL_MODEL_USE,,DRAFTED,760b791270eca4c68e76c31d491ccd34973bc85d47bf61743327941288cef937,PENDING,,,,PENDING,,,,false,AI-assisted private draft generated from the owner-authorized brief; named teacher and safeguarding reviews remain PENDING.
pilot-v1-mathematics-p4-02,mathematics-p4-02,50884d9327dca8069178b8757880042677f3b57f62a21dfe2c5adb80c21b0160,mathematics,nigerian_primary_mathematics,4,"Multi-digit addition, subtraction and multiplication",Treasure Academy Ageva,AI_ASSISTED,Treasure Academy Ageva,CONFIRMED_INTERNAL_MODEL_USE,,DRAFTED,f5c91f035248b882324ceabc3368bad3393c6a3dcd865c9e4106b2c9f657ab0b,PENDING,,,,PENDING,,,,false,AI-assisted private draft generated from the owner-authorized brief; named teacher and safeguarding reviews remain PENDING.
pilot-v1-mathematics-p4-03,mathematics-p4-03,14c5621f329faebf184e49049ba8ffd02a26046595c5aa849783117707c6015e,mathematics,nigerian_primary_mathematics,4,"Factors, multiples and introductory long division",Treasure Academy Ageva,AI_ASSISTED,Treasure Academy Ageva,CONFIRMED_INTERNAL_MODEL_USE,,DRAFTED,e608ab0ad71a90aa8d996072144167b1000b79b96463ae984913cd496c0a0cbd,PENDING,,,,PENDING,,,,false,AI-assisted private draft generated from the owner-authorized brief; named teacher and safeguarding reviews remain PENDING.
pilot-v1-mathematics-p4-04,mathematics-p4-04,a83dda322156692258302a63d578e06101b4393d204fa60c21ad9589dfd44e7a,mathematics,nigerian_primary_mathematics,4,Equivalent fractions and fraction operations,Treasure Academy Ageva,AI_ASSISTED,Treasure Academy Ageva,CONFIRMED_INTERNAL_MODEL_USE,,DRAFTED,8eaf2d2be6b2f2b8ad1c624832d8fc23d0966f34be7997a3d1f558e53683c60d,PENDING,,,,PENDING,,,,false,AI-assisted private draft generated from the owner-authorized brief; named teacher and safeguarding reviews remain PENDING.
pilot-v1-mathematics-p4-05,mathematics-p4-05,d2588d76251500ee5ee4cf46177c7bddecc2844cbb43bc3bc51c7cec50c4a444,mathematics,nigerian_primary_mathematics,4,"Decimals, naira and estimation in daily transactions",Treasure Academy Ageva,AI_ASSISTED,Treasure Academy Ageva,CONFIRMED_INTERNAL_MODEL_USE,,DRAFTED,35639bd975604a06c1140fc66c8a32fea9cd0896b9f2763dddc94afb704f6675,PENDING,,,,PENDING,,,,false,AI-assisted private draft generated from the owner-authorized brief; named teacher and safeguarding reviews remain PENDING.
pilot-v1-mathematics-p4-06,mathematics-p4-06,46127ac69ffa04787170205bd8a67cb9f0aee0167508d1d95f67ffe44d644de9,mathematics,nigerian_primary_mathematics,4,"Angles, symmetry and properties of polygons",Treasure Academy Ageva,AI_ASSISTED,Treasure Academy Ageva,CONFIRMED_INTERNAL_MODEL_USE,,DRAFTED,a63bcc1e61a36aec46537f87fe6ff5bb870452a914443e5ac975578333ae657b,PENDING,,,,PENDING,,,,false,AI-assisted private draft generated from the owner-authorized brief; named teacher and safeguarding reviews remain PENDING.
pilot-v1-mathematics-p4-07,mathematics-p4-07,63bb3461b4011d60a6054c5dab67a84c6de961a78fccf856f4b17619231776f8,mathematics,nigerian_primary_mathematics,4,"Area, perimeter, metric units and elapsed time",Treasure Academy Ageva,AI_ASSISTED,Treasure Academy Ageva,CONFIRMED_INTERNAL_MODEL_USE,,DRAFTED,fe6a541bf10e818d69afd3aa2240d2a84d4d275103a76731484380073a9ab7ae,PENDING,,,,PENDING,,,,false,AI-assisted private draft generated from the owner-authorized brief; named teacher and safeguarding reviews remain PENDING.
pilot-v1-mathematics-p4-08,mathematics-p4-08,794742120928e2097f3a8ca8f5566d8b1679b758f85240d76d33e67a7e03fd9c,mathematics,nigerian_primary_mathematics,4,"Data collection, tables, charts and interpretation",Treasure Academy Ageva,AI_ASSISTED,Treasure Academy Ageva,CONFIRMED_INTERNAL_MODEL_USE,,DRAFTED,f6515812f94e0e6cd737261e92f0fb32e6b376829461b07493b2a5a57e0f2c48,PENDING,,,,PENDING,,,,false,AI-assisted private draft generated from the owner-authorized brief; named teacher and safeguarding reviews remain PENDING.
pilot-v1-mathematics-p5-01,mathematics-p5-01,06c730b10e9ea97d31072697b226374644fffa0e93a91ee350aa9c5146dd7a48,mathematics,nigerian_primary_mathematics,5,"Whole-number operations, estimation and checking answers",Treasure Academy Ageva,AI_ASSISTED,Treasure Academy Ageva,CONFIRMED_INTERNAL_MODEL_USE,,DRAFTED,545df6e5d65dc1360b7f58d7bedb0282a80878a3c81dd54d8405eb97808de668,PENDING,,,,PENDING,,,,false,AI-assisted private draft generated from the owner-authorized brief; named teacher and safeguarding reviews remain PENDING.
pilot-v1-mathematics-p5-02,mathematics-p5-02,b5ca39fd719f8beb008201e89b2d3fb5c0b9bc2979d3f59147a4b6bd10f124c1,mathematics,nigerian_primary_mathematics,5,"Addition, subtraction and multiplication of fractions",Treasure Academy Ageva,AI_ASSISTED,Treasure Academy Ageva,CONFIRMED_INTERNAL_MODEL_USE,,DRAFTED,1269ba2562ab904181efc4fe6dfae95a7be49f2f12f3b7ac5292291e1cd671d9,PENDING,,,,PENDING,,,,false,AI-assisted private draft generated from the owner-authorized brief; named teacher and safeguarding reviews remain PENDING.
pilot-v1-mathematics-p5-03,mathematics-p5-03,a91d48ffccb7a315893fd9272eaa3282fda916670964ce586cb3e5c20d4f1cc9,mathematics,nigerian_primary_mathematics,5,Decimals and introductory percentages,Treasure Academy Ageva,AI_ASSISTED,Treasure Academy Ageva,CONFIRMED_INTERNAL_MODEL_USE,,DRAFTED,33854aacb68212768528bfa16025feed49d900f908400792ab2eca9f5e33ce87,PENDING,,,,PENDING,,,,false,AI-assisted private draft generated from the owner-authorized brief; named teacher and safeguarding reviews remain PENDING.
pilot-v1-mathematics-p5-04,mathematics-p5-04,588daea4c8640b59daadf30ac8a0341686e0de8e8904c08e4013b1dc059e6371,mathematics,nigerian_primary_mathematics,5,Ratios and simple rates in familiar situations,Treasure Academy Ageva,AI_ASSISTED,Treasure Academy Ageva,CONFIRMED_INTERNAL_MODEL_USE,,DRAFTED,411e86169b93bfac9c3f56d961a11fe940ad139ff3f6b46a3ee35fd19df596a8,PENDING,,,,PENDING,,,,false,AI-assisted private draft generated from the owner-authorized brief; named teacher and safeguarding reviews remain PENDING.
pilot-v1-mathematics-p5-05,mathematics-p5-05,521d4faa02c61eed31c6b7860dfcacb5a3c6dc99b9ea4515c69d6666a4c22678,mathematics,nigerian_primary_mathematics,5,"Budgeting, savings and calculations with naira",Treasure Academy Ageva,AI_ASSISTED,Treasure Academy Ageva,CONFIRMED_INTERNAL_MODEL_USE,,DRAFTED,d0e9d6fce1370f91dbe30368ff4a3597aee68fc73d93f3333f83a75a67776a5e,PENDING,,,,PENDING,,,,false,AI-assisted private draft generated from the owner-authorized brief; named teacher and safeguarding reviews remain PENDING.
pilot-v1-mathematics-p5-06,mathematics-p5-06,1b4a678ab4930bd2e23c2592f0aa79bc81fff64f7e35664bf38e0f33f7b69149,mathematics,nigerian_primary_mathematics,5,"Area, volume, mass, capacity and unit conversion",Treasure Academy Ageva,AI_ASSISTED,Treasure Academy Ageva,CONFIRMED_INTERNAL_MODEL_USE,,DRAFTED,35cfd864f5f921033a9b5d2d7698ee40d5e6148aed98cd0962fb99a39f49a889,PENDING,,,,PENDING,,,,false,AI-assisted private draft generated from the owner-authorized brief; named teacher and safeguarding reviews remain PENDING.
pilot-v1-mathematics-p5-07,mathematics-p5-07,fb5c6407e8a9b390e7cc808cf1232b5ac33fc8c41b5ea30093679e847cf24e2c,mathematics,nigerian_primary_mathematics,5,"Triangles, quadrilaterals, angles and coordinates",Treasure Academy Ageva,AI_ASSISTED,Treasure Academy Ageva,CONFIRMED_INTERNAL_MODEL_USE,,DRAFTED,0466a5eead3f45255e767ff2c411d9522eae66bd98ce529dc2e89b381139047d,PENDING,,,,PENDING,,,,false,AI-assisted private draft generated from the owner-authorized brief; named teacher and safeguarding reviews remain PENDING.
pilot-v1-mathematics-p5-08,mathematics-p5-08,82ed5170ae908dccf9b7e9dde14cf81ad23a1929dafe415857e185e6afd204c4,mathematics,nigerian_primary_mathematics,5,"Mean, tables, graphs and data-based reasoning",Treasure Academy Ageva,AI_ASSISTED,Treasure Academy Ageva,CONFIRMED_INTERNAL_MODEL_USE,,DRAFTED,0def32e3b5cc713011b641ec2d84e359173408f74c0f67bb89eb035da8877efa,PENDING,,,,PENDING,,,,false,AI-assisted private draft generated from the owner-authorized brief; named teacher and safeguarding reviews remain PENDING.
pilot-v1-mathematics-p6-01,mathematics-p6-01,eeefde92bb0f3f36c7dc6488bdff340b001036059e55b5329bf9587f170f0ae4,mathematics,nigerian_primary_mathematics,6,"Large numbers, operations and order of operations",Treasure Academy Ageva,AI_ASSISTED,Treasure Academy Ageva,CONFIRMED_INTERNAL_MODEL_USE,,DRAFTED,c5fc76c0634dcb5dd6122f151f6b2397935a60616a6de853cca8f48f4ecec911,PENDING,,,,PENDING,,,,false,AI-assisted private draft generated from the owner-authorized brief; named teacher and safeguarding reviews remain PENDING.
pilot-v1-mathematics-p6-02,mathematics-p6-02,29075dc9446ccbaaf17231b20f37ca82d2cf73160ff2da73a0586c625dd0f727,mathematics,nigerian_primary_mathematics,6,"Fractions, decimals and percentages",Treasure Academy Ageva,AI_ASSISTED,Treasure Academy Ageva,CONFIRMED_INTERNAL_MODEL_USE,,DRAFTED,91cfc7a54f762e9ba6ecdd6cf9196d2be72cd9571f6971b90f248f44e0b131c2,PENDING,,,,PENDING,,,,false,AI-assisted private draft generated from the owner-authorized brief; named teacher and safeguarding reviews remain PENDING.
pilot-v1-mathematics-p6-03,mathematics-p6-03,8e7543f70dd19c1d60581e57740538b89ea52f052e3f8d1bec6c8f2fdbfe11d2,mathematics,nigerian_primary_mathematics,6,"Ratio, proportion and scale in practical problems",Treasure Academy Ageva,AI_ASSISTED,Treasure Academy Ageva,CONFIRMED_INTERNAL_MODEL_USE,,DRAFTED,65288cb713acdc59f57a1d1d762443d5c2d50e1d1d7af441c841a29e0314ce72,PENDING,,,,PENDING,,,,false,AI-assisted private draft generated from the owner-authorized brief; named teacher and safeguarding reviews remain PENDING.
pilot-v1-mathematics-p6-04,mathematics-p6-04,a9a5ded2abfacfe3da722edd4165cdfa6bb0af47425f9771ac943155d5be9139,mathematics,nigerian_primary_mathematics,6,"Profit, loss, discount, savings and simple financial arithmetic",Treasure Academy Ageva,AI_ASSISTED,Treasure Academy Ageva,CONFIRMED_INTERNAL_MODEL_USE,,DRAFTED,8d1e691da2dc224640157f8509561df7fec5921fd77682fd0b0fbb35030f0a46,PENDING,,,,PENDING,,,,false,AI-assisted private draft generated from the owner-authorized brief; named teacher and safeguarding reviews remain PENDING.
pilot-v1-mathematics-p6-05,mathematics-p6-05,86758220b5e848efc14d5a4b1a6e82d5ad06cc64cfc5148ed61cf574f36a1f48,mathematics,nigerian_primary_mathematics,6,"Number patterns, open sentences and introductory algebra",Treasure Academy Ageva,AI_ASSISTED,Treasure Academy Ageva,CONFIRMED_INTERNAL_MODEL_USE,,DRAFTED,f138349ec9233baf77b051aaeb39e073abf221053f794fd9f6d4637cb5169451,PENDING,,,,PENDING,,,,false,AI-assisted private draft generated from the owner-authorized brief; named teacher and safeguarding reviews remain PENDING.
pilot-v1-mathematics-p6-06,mathematics-p6-06,f47e87b5a5791ef6779e636f9796948a8de0e76780c1d8530f88eedf8459c862,mathematics,nigerian_primary_mathematics,6,"Geometry, coordinates, angles and constructions",Treasure Academy Ageva,AI_ASSISTED,Treasure Academy Ageva,CONFIRMED_INTERNAL_MODEL_USE,,DRAFTED,8829b5ba556b95e0113aa22a9d886caad02d506311c08af99398fd4d1ef10608,PENDING,,,,PENDING,,,,false,AI-assisted private draft generated from the owner-authorized brief; named teacher and safeguarding reviews remain PENDING.
pilot-v1-mathematics-p6-07,mathematics-p6-07,6ee5f14ebec38d7394ed356be67d6597a5df2b1d4eccd18146eb4a1f961d02e2,mathematics,nigerian_primary_mathematics,6,"Area, volume, distance, speed and unit conversion",Treasure Academy Ageva,AI_ASSISTED,Treasure Academy Ageva,CONFIRMED_INTERNAL_MODEL_USE,,DRAFTED,16cd748492a526a3d5cb944eb26fac491a58ea0ada3a7f9d12b53675831aa60c,PENDING,,,,PENDING,,,,false,AI-assisted private draft generated from the owner-authorized brief; named teacher and safeguarding reviews remain PENDING.
pilot-v1-mathematics-p6-08,mathematics-p6-08,90e128cb37c1e2147556bef2f62d6ff932c8bb205d839b84ffc279d02e7bd38b,mathematics,nigerian_primary_mathematics,6,"Statistics, averages, probability and interpreting graphs",Treasure Academy Ageva,AI_ASSISTED,Treasure Academy Ageva,CONFIRMED_INTERNAL_MODEL_USE,,DRAFTED,254886e7c325f4b564e468c0c9ce9f69c56eecc96d1c91ecb82f318255f9e31c,PENDING,,,,PENDING,,,,false,AI-assisted private draft generated from the owner-authorized brief; named teacher and safeguarding reviews remain PENDING.
pilot-v1-english-p1-01,english-p1-01,cde21614ca96e4223535e97e5c3ceed9bbdd8a66c11609f87f6881ad51bea459,english,nigerian_english_reading_composition,1,Letter names and common letter sounds,Treasure Academy Ageva,AI_ASSISTED,Treasure Academy Ageva,CONFIRMED_INTERNAL_MODEL_USE,,DRAFTED,17b8699fc75feda1dd6855b0364d8beb23c4fc9a741892de0bdcb9c28426560b,PENDING,,,,PENDING,,,,false,AI-assisted private draft generated from the owner-authorized brief; named teacher and safeguarding reviews remain PENDING.
pilot-v1-english-p1-02,english-p1-02,99ed9e9b198a25ba98312ebb35c5364382351579b2bef57cd45bde04bc8bc0ba,english,nigerian_english_reading_composition,1,Blending and segmenting simple words,Treasure Academy Ageva,AI_ASSISTED,Treasure Academy Ageva,CONFIRMED_INTERNAL_MODEL_USE,,DRAFTED,0097610273dbdf778cd903fc64e7878b2c795e761e2588b012eb5874d072fdff,PENDING,,,,PENDING,,,,false,AI-assisted private draft generated from the owner-authorized brief; named teacher and safeguarding reviews remain PENDING.
pilot-v1-english-p1-03,english-p1-03,96f6dd87cced6ee529b17d8783b0df49e0cdd9ec9f8018312aefed63e3a63980,english,nigerian_english_reading_composition,1,High-frequency words and classroom vocabulary,Treasure Academy Ageva,AI_ASSISTED,Treasure Academy Ageva,CONFIRMED_INTERNAL_MODEL_USE,,DRAFTED,d92ec4890cec68b0034fd674dd08917fe90784026a6e30aa9d41f2cc2bad8ce5,PENDING,,,,PENDING,,,,false,AI-assisted private draft generated from the owner-authorized brief; named teacher and safeguarding reviews remain PENDING.
pilot-v1-english-p1-04,english-p1-04,f2567aa05a9713cab487dc650ed9df145904f07fe66089a97f7d79b2f447d389,english,nigerian_english_reading_composition,1,"Capital letters, full stops and complete sentences",Treasure Academy Ageva,AI_ASSISTED,Treasure Academy Ageva,CONFIRMED_INTERNAL_MODEL_USE,,DRAFTED,94aade76f2a51376d38f4d1bdacb45caa01959a979e50fc54af3d48fc6301cdf,PENDING,,,,PENDING,,,,false,AI-assisted private draft generated from the owner-authorized brief; named teacher and safeguarding reviews remain PENDING.
pilot-v1-english-p1-05,english-p1-05,fffbd0f8ec7e5a3b50a84f91626c915737dbaf300b1fa782d220cd66fccbe8c3,english,nigerian_english_reading_composition,1,"Listening, speaking and following short instructions",Treasure Academy Ageva,AI_ASSISTED,Treasure Academy Ageva,CONFIRMED_INTERNAL_MODEL_USE,,DRAFTED,d97c10c6b3e1c60c409f861e35b6ca8c55c782e09da29037d4ed2b1a806386d8,PENDING,,,,PENDING,,,,false,AI-assisted private draft generated from the owner-authorized brief; named teacher and safeguarding reviews remain PENDING.
pilot-v1-english-p1-06,english-p1-06,b792b627df935a554d55d0aab32beb9e5b74bc18a61889c3daa94f827896edba,english,nigerian_english_reading_composition,1,Reading very short age-appropriate passages,Treasure Academy Ageva,AI_ASSISTED,Treasure Academy Ageva,CONFIRMED_INTERNAL_MODEL_USE,,DRAFTED,ba405f125b787fd3f2bcc9ef7e3a4600754c029971acdc120ebf91721570f560,PENDING,,,,PENDING,,,,false,AI-assisted private draft generated from the owner-authorized brief; named teacher and safeguarding reviews remain PENDING.
pilot-v1-english-p1-07,english-p1-07,8d0a81420204885137ac987276bdd4a6500345f11c2839064e29c4bfdce05d00,english,nigerian_english_reading_composition,1,"Handwriting, spelling and word families",Treasure Academy Ageva,AI_ASSISTED,Treasure Academy Ageva,CONFIRMED_INTERNAL_MODEL_USE,,DRAFTED,ede45eed636a18b11704294ce8675f24b6d009e13b14c2dbafd5b39e5cb963be,PENDING,,,,PENDING,,,,false,AI-assisted private draft generated from the owner-authorized brief; named teacher and safeguarding reviews remain PENDING.
pilot-v1-english-p1-08,english-p1-08,cf2db0870274652322084bfb70754ed244675cc6388a18025aa9232f050af455,english,nigerian_english_reading_composition,1,Oral and picture-guided composition,Treasure Academy Ageva,AI_ASSISTED,Treasure Academy Ageva,CONFIRMED_INTERNAL_MODEL_USE,,DRAFTED,68ecbb8809a3d6f85cbf51f92a46012c6e6b359b71a09d54ede272f90471e3f3,PENDING,,,,PENDING,,,,false,AI-assisted private draft generated from the owner-authorized brief; named teacher and safeguarding reviews remain PENDING.
pilot-v1-english-p2-01,english-p2-01,a916ad838ff20c163227a2f2e2feea30faf6ae736ea49d0e3522788d3d74ae1f,english,nigerian_english_reading_composition,2,"Consonant blends, digraphs and vowel patterns",Treasure Academy Ageva,AI_ASSISTED,Treasure Academy Ageva,CONFIRMED_INTERNAL_MODEL_USE,,DRAFTED,0e97bc95c44deb31fed39b793698b0eb232270d0cf3c22b6c4b7cf076e8bce93,PENDING,,,,PENDING,,,,false,AI-assisted private draft generated from the owner-authorized brief; named teacher and safeguarding reviews remain PENDING.
pilot-v1-english-p2-02,english-p2-02,3a07c95065b9dc3a16094b5b4e763240daab7000daff3e96f04c116c8e4a1a04,english,nigerian_english_reading_composition,2,"Vocabulary for home, school and community",Treasure Academy Ageva,AI_ASSISTED,Treasure Academy Ageva,CONFIRMED_INTERNAL_MODEL_USE,,DRAFTED,7775befd5f232cf572c14e55e7767a4adb57dc68fab85e9deb0cddf8c54c5865,PENDING,,,,PENDING,,,,false,AI-assisted private draft generated from the owner-authorized brief; named teacher and safeguarding reviews remain PENDING.
pilot-v1-english-p2-03,english-p2-03,0959330dfb705874b4fd12cde66f69269d0df31cce77900ea39773cf67a17a02,english,nigerian_english_reading_composition,2,"Subjects, predicates and sentence building",Treasure Academy Ageva,AI_ASSISTED,Treasure Academy Ageva,CONFIRMED_INTERNAL_MODEL_USE,,DRAFTED,9505a5c57aeba21db5c3191d882e626f2c3c010cde3460fda6405316d2dd56bb,PENDING,,,,PENDING,,,,false,AI-assisted private draft generated from the owner-authorized brief; named teacher and safeguarding reviews remain PENDING.
pilot-v1-english-p2-04,english-p2-04,e67ad4d2211c0350f147ea3f8f031a91c05d283ceff3ebcb09a57f9fbd8bc2af,english,nigerian_english_reading_composition,2,"Capitalisation, commas, question marks and full stops",Treasure Academy Ageva,AI_ASSISTED,Treasure Academy Ageva,CONFIRMED_INTERNAL_MODEL_USE,,DRAFTED,836fc29ebe8e169aa40c5d9fcb6aab63dcce7bdeaa7bfdc8b326e13e4fcf2faa,PENDING,,,,PENDING,,,,false,AI-assisted private draft generated from the owner-authorized brief; named teacher and safeguarding reviews remain PENDING.
pilot-v1-english-p2-05,english-p2-05,582840e9174b056c3b302f3b015bcb705f8c5dd6e6dcad62adea756cb7aff994,english,nigerian_english_reading_composition,2,Reading comprehension and sequencing events,Treasure Academy Ageva,AI_ASSISTED,Treasure Academy Ageva,CONFIRMED_INTERNAL_MODEL_USE,,DRAFTED,47712de53e627478cf665137c4bf2767c2ea769e7495fcee6c86c9438d5076ee,PENDING,,,,PENDING,,,,false,AI-assisted private draft generated from the owner-authorized brief; named teacher and safeguarding reviews remain PENDING.
pilot-v1-english-p2-06,english-p2-06,145c3c5b8d1f0382b88adfe8cadc12526b295f8386a098a8f1ca4f11cbd7c1d3,english,nigerian_english_reading_composition,2,Using context to understand unfamiliar words,Treasure Academy Ageva,AI_ASSISTED,Treasure Academy Ageva,CONFIRMED_INTERNAL_MODEL_USE,,DRAFTED,df5c4f29e40113ed08e010172bf72fd0ac71563a1c45fa45daef202e8020a278,PENDING,,,,PENDING,,,,false,AI-assisted private draft generated from the owner-authorized brief; named teacher and safeguarding reviews remain PENDING.
pilot-v1-english-p2-07,english-p2-07,baff43849a2cef6a57b8f02cd06fb009ea320752deab707269f4915b510e663c,english,nigerian_english_reading_composition,2,Writing a connected group of sentences,Treasure Academy Ageva,AI_ASSISTED,Treasure Academy Ageva,CONFIRMED_INTERNAL_MODEL_USE,,DRAFTED,a00057aeebcdd6570e032372dd62bf7b0b3477ba1737c6f54542da3792ec14a8,PENDING,,,,PENDING,,,,false,AI-assisted private draft generated from the owner-authorized brief; named teacher and safeguarding reviews remain PENDING.
pilot-v1-english-p2-08,english-p2-08,aebd3e23c798577e907eb3d933cd033cb042f1406124045c4b45b54094238f8c,english,nigerian_english_reading_composition,2,"Greetings, invitations and short functional messages",Treasure Academy Ageva,AI_ASSISTED,Treasure Academy Ageva,CONFIRMED_INTERNAL_MODEL_USE,,DRAFTED,156aa2f5cdffb90140d9249323ad4d9bd1f64220c33a5685166758232ac7f27d,PENDING,,,,PENDING,,,,false,AI-assisted private draft generated from the owner-authorized brief; named teacher and safeguarding reviews remain PENDING.
pilot-v1-english-p3-01,english-p3-01,59219b36135f5d5a14bad7780660a9a8effd5ee572aa8d7349b4924ec4f15a8f,english,nigerian_english_reading_composition,3,"Syllables, spelling patterns and dictionary order",Treasure Academy Ageva,AI_ASSISTED,Treasure Academy Ageva,CONFIRMED_INTERNAL_MODEL_USE,,DRAFTED,ae220134806b8af68825a8feb64a26322bf075770b9642dcea5260427fdc9062,PENDING,,,,PENDING,,,,false,AI-assisted private draft generated from the owner-authorized brief; named teacher and safeguarding reviews remain PENDING.
pilot-v1-english-p3-02,english-p3-02,ba0335d16b55c7a4df50575fbfbf9221242ec33ce694ce1c60a4560bcfee0448,english,nigerian_english_reading_composition,3,"Nouns, pronouns, verbs, adjectives and adverbs",Treasure Academy Ageva,AI_ASSISTED,Treasure Academy Ageva,CONFIRMED_INTERNAL_MODEL_USE,,DRAFTED,68a7a133a273d1162f9e0c5aa7824e897fb5470e6978075e99a67b6a2b60a1c7,PENDING,,,,PENDING,,,,false,AI-assisted private draft generated from the owner-authorized brief; named teacher and safeguarding reviews remain PENDING.
pilot-v1-english-p3-03,english-p3-03,678f145b8e73cbf74e7ba42d783d61b34b95fe4206642bccd94f8362f534ae19,english,nigerian_english_reading_composition,3,"Present, past and future tense in clear sentences",Treasure Academy Ageva,AI_ASSISTED,Treasure Academy Ageva,CONFIRMED_INTERNAL_MODEL_USE,,DRAFTED,d98bc812c3caee8b02394ee88a5eac99b1a940f9541f7952a405d6b1f953e9f0,PENDING,,,,PENDING,,,,false,AI-assisted private draft generated from the owner-authorized brief; named teacher and safeguarding reviews remain PENDING.
pilot-v1-english-p3-04,english-p3-04,c1750978485b12f262695f4722a0d692ee4569617dc7e3d0c69d7b726b4c9d70,english,nigerian_english_reading_composition,3,Topic sentences and coherent paragraphs,Treasure Academy Ageva,AI_ASSISTED,Treasure Academy Ageva,CONFIRMED_INTERNAL_MODEL_USE,,DRAFTED,5b0f4828d5ba7cdc8c770880f6f99888a23726a39645f0be76e8ab1e364040b8,PENDING,,,,PENDING,,,,false,AI-assisted private draft generated from the owner-authorized brief; named teacher and safeguarding reviews remain PENDING.
pilot-v1-english-p3-05,english-p3-05,dc44e9772ada55fee6925ff7a1e3c0f443085b6154cf9cce14f572bb1615d4b8,english,nigerian_english_reading_composition,3,"Reading for main idea, detail and simple inference",Treasure Academy Ageva,AI_ASSISTED,Treasure Academy Ageva,CONFIRMED_INTERNAL_MODEL_USE,,DRAFTED,c656fba3629f6fa7a4d7016bed5bd522b264e8fdd8cbedea4cc9fc7ce39eb48c,PENDING,,,,PENDING,,,,false,AI-assisted private draft generated from the owner-authorized brief; named teacher and safeguarding reviews remain PENDING.
pilot-v1-english-p3-06,english-p3-06,c34973ea0f95c25cab2756a5968bf4d729ca9ebe55ec24497f5d0b6a0ea02dde,english,nigerian_english_reading_composition,3,"Vocabulary meaning, synonyms and antonyms",Treasure Academy Ageva,AI_ASSISTED,Treasure Academy Ageva,CONFIRMED_INTERNAL_MODEL_USE,,DRAFTED,b1fc1cf7820fa6f545737b503f3e9a7c7ce3d47133a5f135c7bc5e57b0ef46f7,PENDING,,,,PENDING,,,,false,AI-assisted private draft generated from the owner-authorized brief; named teacher and safeguarding reviews remain PENDING.
pilot-v1-english-p3-07,english-p3-07,bc5dfa510810ead42dc2fb1f2b856e77bcdb7f4fdac0c3d4768c49bb75532f3b,english,nigerian_english_reading_composition,3,Narrative and descriptive composition,Treasure Academy Ageva,AI_ASSISTED,Treasure Academy Ageva,CONFIRMED_INTERNAL_MODEL_USE,,DRAFTED,f30e18806e92186323d098025d07f0b253fd8a79bb7a5be8c49e3a556dae59eb,PENDING,,,,PENDING,,,,false,AI-assisted private draft generated from the owner-authorized brief; named teacher and safeguarding reviews remain PENDING.
pilot-v1-english-p3-08,english-p3-08,40337a66268cf7a48fe57af39f6c523d6d94bc6322089a999f3c688b363fb9d8,english,nigerian_english_reading_composition,3,Personal letters and short informational writing,Treasure Academy Ageva,AI_ASSISTED,Treasure Academy Ageva,CONFIRMED_INTERNAL_MODEL_USE,,DRAFTED,7471c47fe6f6321182ac157639baa885ba239ca889a745c05eb18373d245ccb2,PENDING,,,,PENDING,,,,false,AI-assisted private draft generated from the owner-authorized brief; named teacher and safeguarding reviews remain PENDING.
pilot-v1-english-p4-01,english-p4-01,9e839adb608931e855e45903a7dca316204f2a7802997d6d727c092de34c79ce,english,nigerian_english_reading_composition,4,"Spelling, prefixes, suffixes and word formation",Treasure Academy Ageva,AI_ASSISTED,Treasure Academy Ageva,CONFIRMED_INTERNAL_MODEL_USE,,DRAFTED,12af99caab3928c8f460986c316627ceb9cf974d6a236d357694493fb09cf93a,PENDING,,,,PENDING,,,,false,AI-assisted private draft generated from the owner-authorized brief; named teacher and safeguarding reviews remain PENDING.
pilot-v1-english-p4-02,english-p4-02,dd40271a5c2142a6f3c163b5d5725bd3d2d079c470440853e77589b3a44bbb48,english,nigerian_english_reading_composition,4,"Nouns, pronouns, adjectives and agreement",Treasure Academy Ageva,AI_ASSISTED,Treasure Academy Ageva,CONFIRMED_INTERNAL_MODEL_USE,,DRAFTED,f9487edef6cd14de5adff4839bd44c6103f11a4da541fee0f9e385d7b4413d39,PENDING,,,,PENDING,,,,false,AI-assisted private draft generated from the owner-authorized brief; named teacher and safeguarding reviews remain PENDING.
pilot-v1-english-p4-03,english-p4-03,5e57c7b599b9ef335ecb946c35e676ea0de110d9da9fd395b5797eb9564d5890,english,nigerian_english_reading_composition,4,"Verb forms, tense consistency and subject-verb concord",Treasure Academy Ageva,AI_ASSISTED,Treasure Academy Ageva,CONFIRMED_INTERNAL_MODEL_USE,,DRAFTED,283226e10f1b1f058a385824c5d1f98fbc34c867fa9144aeee3e7f742648fc91,PENDING,,,,PENDING,,,,false,AI-assisted private draft generated from the owner-authorized brief; named teacher and safeguarding reviews remain PENDING.
pilot-v1-english-p4-04,english-p4-04,9dc260420bb830a1d85eac0fe0a3da23b9a6197d299f892ebcc2c5e8cd997e1d,english,nigerian_english_reading_composition,4,"Sentence types, conjunctions and punctuation",Treasure Academy Ageva,AI_ASSISTED,Treasure Academy Ageva,CONFIRMED_INTERNAL_MODEL_USE,,DRAFTED,c3f5eb93b336eb767c6b23450f26a189be34c0301e9b2f7cf0e99d388af3284d,PENDING,,,,PENDING,,,,false,AI-assisted private draft generated from the owner-authorized brief; named teacher and safeguarding reviews remain PENDING.
pilot-v1-english-p4-05,english-p4-05,e7c811936c072a3562aaeaac60014b22d83289adde36b59fa1f1cc52eda178a1,english,nigerian_english_reading_composition,4,"Reading for main idea, evidence and inference",Treasure Academy Ageva,AI_ASSISTED,Treasure Academy Ageva,CONFIRMED_INTERNAL_MODEL_USE,,DRAFTED,cdc60f0db3d0be6c1a289d8c21fe768a79fed7acb66aede74009a037262c59fe,PENDING,,,,PENDING,,,,false,AI-assisted private draft generated from the owner-authorized brief; named teacher and safeguarding reviews remain PENDING.
pilot-v1-english-p4-06,english-p4-06,382ce39f9fee57ed8646266f4a696e0e0d30ffa72e077222b6a2ae7956e11469,english,nigerian_english_reading_composition,4,Note making and introductory summary writing,Treasure Academy Ageva,AI_ASSISTED,Treasure Academy Ageva,CONFIRMED_INTERNAL_MODEL_USE,,DRAFTED,5afc16c7e65c79a09be1cba26cf50b66ab043a49ce455c1366c4472b2573cc97,PENDING,,,,PENDING,,,,false,AI-assisted private draft generated from the owner-authorized brief; named teacher and safeguarding reviews remain PENDING.
pilot-v1-english-p4-07,english-p4-07,803aa0f4b091b9a73434b9277dedf067697e95610bf3b4e7be5bbf74e076bda0,english,nigerian_english_reading_composition,4,"Narrative, descriptive and explanatory composition",Treasure Academy Ageva,AI_ASSISTED,Treasure Academy Ageva,CONFIRMED_INTERNAL_MODEL_USE,,DRAFTED,0bd4433bb6a0d8e8875af8ea29a629f035cb345a32c1fdf8522cb95bfc242a45,PENDING,,,,PENDING,,,,false,AI-assisted private draft generated from the owner-authorized brief; named teacher and safeguarding reviews remain PENDING.
pilot-v1-english-p4-08,english-p4-08,780fc7ad586c6734eb3405b53938e0abf49c641907297d90b0973f05b0fa4ba6,english,nigerian_english_reading_composition,4,Personal and formal letter formats,Treasure Academy Ageva,AI_ASSISTED,Treasure Academy Ageva,CONFIRMED_INTERNAL_MODEL_USE,,DRAFTED,8809a662d10bf4ebeb26691f0486b4ed4b35c5d2f5d4e5d831aaab47ebe888e1,PENDING,,,,PENDING,,,,false,AI-assisted private draft generated from the owner-authorized brief; named teacher and safeguarding reviews remain PENDING.
pilot-v1-english-p5-01,english-p5-01,72c6940f5547f38ce2b5bb44def80bafd43ece7d62c2024077f65e2ad3579126,english,nigerian_english_reading_composition,5,Vocabulary development and words in context,Treasure Academy Ageva,AI_ASSISTED,Treasure Academy Ageva,CONFIRMED_INTERNAL_MODEL_USE,,DRAFTED,8a487d95c0cd9b5ed294b56d1d20965e3a9f61ff92ce8228ca39c3eb0e50dd41,PENDING,,,,PENDING,,,,false,AI-assisted private draft generated from the owner-authorized brief; named teacher and safeguarding reviews remain PENDING.
pilot-v1-english-p5-02,english-p5-02,ad76481300235a65df1caeaea8007077be89749eb5caf979b834ace1946e0f75,english,nigerian_english_reading_composition,5,"Phrases, clauses and parts of speech",Treasure Academy Ageva,AI_ASSISTED,Treasure Academy Ageva,CONFIRMED_INTERNAL_MODEL_USE,,DRAFTED,423e13b4d0630e3e0c1f5418ad86fa1b3efc51846c2b5b3fd8fa12ad7001d134,PENDING,,,,PENDING,,,,false,AI-assisted private draft generated from the owner-authorized brief; named teacher and safeguarding reviews remain PENDING.
pilot-v1-english-p5-03,english-p5-03,b82a0aa360f4982fd992dc70d69824f2902198d0cf4ffc41a1324736e5fb2e74,english,nigerian_english_reading_composition,5,"Tense, concord and clear sentence construction",Treasure Academy Ageva,AI_ASSISTED,Treasure Academy Ageva,CONFIRMED_INTERNAL_MODEL_USE,,DRAFTED,bf12e355c6f655f7e22685bd53238d37e311a9bde8a7bc2a01e04e41d1ab817a,PENDING,,,,PENDING,,,,false,AI-assisted private draft generated from the owner-authorized brief; named teacher and safeguarding reviews remain PENDING.
pilot-v1-english-p5-04,english-p5-04,3ecfba4bea59d900715d80293ef21c79b7e85f99078d0ec8df2bd262e8f5c208,english,nigerian_english_reading_composition,5,"Direct speech, reported speech and punctuation",Treasure Academy Ageva,AI_ASSISTED,Treasure Academy Ageva,CONFIRMED_INTERNAL_MODEL_USE,,DRAFTED,2ea3424d736ea4b5c53c63c41e94022d9e6f2a8f8d833c69b94f40b93dcebdf7,PENDING,,,,PENDING,,,,false,AI-assisted private draft generated from the owner-authorized brief; named teacher and safeguarding reviews remain PENDING.
pilot-v1-english-p5-05,english-p5-05,149aea55f0ca9a336bf294eaf074d3b9793786b97a615e2ddb5b52eff6aab14c,english,nigerian_english_reading_composition,5,Comprehension using evidence from a passage,Treasure Academy Ageva,AI_ASSISTED,Treasure Academy Ageva,CONFIRMED_INTERNAL_MODEL_USE,,DRAFTED,fdd57c6d52de35b6af9f6e532d9055afdd7b16f5b6ef9ac50c1dd7b564a48777,PENDING,,,,PENDING,,,,false,AI-assisted private draft generated from the owner-authorized brief; named teacher and safeguarding reviews remain PENDING.
pilot-v1-english-p5-06,english-p5-06,7200d88639cfff5e4262d307100303394830bdfca4a3e1814e18f7e55547d63d,english,nigerian_english_reading_composition,5,Summary writing and selecting key information,Treasure Academy Ageva,AI_ASSISTED,Treasure Academy Ageva,CONFIRMED_INTERNAL_MODEL_USE,,DRAFTED,2a2781ec54e6f0717e8454bcd0a458e9620a579d025fc2eb8cf344ea91cc4740,PENDING,,,,PENDING,,,,false,AI-assisted private draft generated from the owner-authorized brief; named teacher and safeguarding reviews remain PENDING.
pilot-v1-english-p5-07,english-p5-07,669cb0614ce892ab682b37360f5b7973c6ac813faa69001afc424c796ba03f47,english,nigerian_english_reading_composition,5,"Narrative, descriptive and argumentative composition",Treasure Academy Ageva,AI_ASSISTED,Treasure Academy Ageva,CONFIRMED_INTERNAL_MODEL_USE,,DRAFTED,48751d2744a7d7513854c49d03da746bef884c109da0c05ae82f9c84e9652e06,PENDING,,,,PENDING,,,,false,AI-assisted private draft generated from the owner-authorized brief; named teacher and safeguarding reviews remain PENDING.
pilot-v1-english-p5-08,english-p5-08,a0d5891438718c6938ddcb1501408ea298858d40340f9525fc8b1ab5ade1d525,english,nigerian_english_reading_composition,5,"Letters, notices, instructions and short reports",Treasure Academy Ageva,AI_ASSISTED,Treasure Academy Ageva,CONFIRMED_INTERNAL_MODEL_USE,,DRAFTED,fb17c946a0da44eb36863ef2995eea9202c2081fc192f1bc06cf0d1dc39aa3fa,PENDING,,,,PENDING,,,,false,AI-assisted private draft generated from the owner-authorized brief; named teacher and safeguarding reviews remain PENDING.
pilot-v1-english-p6-01,english-p6-01,e57458c25f5d70af4b1569dfc718b213ebe2557d77469220639dc25331c7e25b,english,nigerian_english_reading_composition,6,"Vocabulary, figurative language and standard Nigerian English",Treasure Academy Ageva,AI_ASSISTED,Treasure Academy Ageva,CONFIRMED_INTERNAL_MODEL_USE,,DRAFTED,6b7aa8b8eb8fe689dca1d2a94fed70fdf241e29cade5ca96075925b0c75f75a0,PENDING,,,,PENDING,,,,false,AI-assisted private draft generated from the owner-authorized brief; named teacher and safeguarding reviews remain PENDING.
pilot-v1-english-p6-02,english-p6-02,19b91c90404ab00dff185c4e88b7e298bd460e3a352fa283051a6e882ddbd281,english,nigerian_english_reading_composition,6,"Phrases, clauses and sentence structure",Treasure Academy Ageva,AI_ASSISTED,Treasure Academy Ageva,CONFIRMED_INTERNAL_MODEL_USE,,DRAFTED,22983d8547541d25eb5a368ebb3e04060a702fe0871157f14fe13be02aeae05d,PENDING,,,,PENDING,,,,false,AI-assisted private draft generated from the owner-authorized brief; named teacher and safeguarding reviews remain PENDING.
pilot-v1-english-p6-03,english-p6-03,6de01d4749d32aefee6926d5e7efec948d5e3d2a1f1aa3b61d8c5532daa2b8b7,english,nigerian_english_reading_composition,6,"Tense, concord, active voice and passive voice",Treasure Academy Ageva,AI_ASSISTED,Treasure Academy Ageva,CONFIRMED_INTERNAL_MODEL_USE,,DRAFTED,05a6d521ad2adbecb52a733218d7afe457a02349ce3efc8480c12838353aca29,PENDING,,,,PENDING,,,,false,AI-assisted private draft generated from the owner-authorized brief; named teacher and safeguarding reviews remain PENDING.
pilot-v1-english-p6-04,english-p6-04,f5ae2c010443e86a5852cc4bcedaf0d475d0ebe9f873bc85dc872420be204b12,english,nigerian_english_reading_composition,6,Direct and reported speech with accurate punctuation,Treasure Academy Ageva,AI_ASSISTED,Treasure Academy Ageva,CONFIRMED_INTERNAL_MODEL_USE,,DRAFTED,087e1e4c92f6db99d3827decb82bfdc56d820d90e1d5433d29af2f1785b89cdd,PENDING,,,,PENDING,,,,false,AI-assisted private draft generated from the owner-authorized brief; named teacher and safeguarding reviews remain PENDING.
pilot-v1-english-p6-05,english-p6-05,9ca3716448ea224dd8d076173ed3c34d98662d25a9bd7c6da27f791a0a794be3,english,nigerian_english_reading_composition,6,"Critical comprehension, inference and author purpose",Treasure Academy Ageva,AI_ASSISTED,Treasure Academy Ageva,CONFIRMED_INTERNAL_MODEL_USE,,DRAFTED,2edf11e3a0512587120e58eef5c46bd637caeb1ac250b2d750d29d556ae65ba8,PENDING,,,,PENDING,,,,false,AI-assisted private draft generated from the owner-authorized brief; named teacher and safeguarding reviews remain PENDING.
pilot-v1-english-p6-06,english-p6-06,2c603ba0dde3880c5697f353b2fba103cffac69300e2583fbff869b0233ebc92,english,nigerian_english_reading_composition,6,"Note making, précis and concise summary",Treasure Academy Ageva,AI_ASSISTED,Treasure Academy Ageva,CONFIRMED_INTERNAL_MODEL_USE,,DRAFTED,f37e90b5ed77979dda216e10d41b28a4fe44fde5e247e57a99975cbc728c15af,PENDING,,,,PENDING,,,,false,AI-assisted private draft generated from the owner-authorized brief; named teacher and safeguarding reviews remain PENDING.
pilot-v1-english-p6-07,english-p6-07,419912cdccf2911fade4ce79b593c4d86d47bbeb0b1f8ed3545ed48bbf275354,english,nigerian_english_reading_composition,6,"Narrative, descriptive, explanatory and persuasive composition",Treasure Academy Ageva,AI_ASSISTED,Treasure Academy Ageva,CONFIRMED_INTERNAL_MODEL_USE,,DRAFTED,0020a55242ab637fc7774755946d3545330ac7a53d63e33e8b8adbf7942070a5,PENDING,,,,PENDING,,,,false,AI-assisted private draft generated from the owner-authorized brief; named teacher and safeguarding reviews remain PENDING.
pilot-v1-english-p6-08,english-p6-08,db02b5cc15bc0056ff23d5556ec2017a49089b1b4860123515e9767c8a0d1c1f,english,nigerian_english_reading_composition,6,"Formal letters, reports, speeches and practical communication",Treasure Academy Ageva,AI_ASSISTED,Treasure Academy Ageva,CONFIRMED_INTERNAL_MODEL_USE,,DRAFTED,cb702e530408a64d90852fc306b476e67533424620489536f8bcfa368a16d2ee,PENDING,,,,PENDING,,,,false,AI-assisted private draft generated from the owner-authorized brief; named teacher and safeguarding reviews remain PENDING.
