item_id,original_sha256,extracted_sha256,title,creator,language,primary_subject,context_class,license,source_url,staging_status,licence_decision,licence_reviewer_name,licence_reviewer_role,licence_reviewed_at,licence_notes,teacher_decision,teacher_reviewer_name,teacher_reviewer_role,teacher_reviewed_at,teacher_notes,safeguarding_decision,safeguarding_reviewer_name,safeguarding_reviewer_role,safeguarding_reviewed_at,safeguarding_notes,language_decision,language_reviewer_name,language_reviewer_role,language_reviewed_at,language_notes,approval_decision,approval_reviewer_name,approval_reviewer_role,approval_reviewed_at,approval_notes
african-storybook-take-me-home-39417,de997c71f836ec2c77b5dd43ea8f25cad2f36ff89785f430e1be63c7f3fe608b,251e783ad72225726272be05c34500c5666b0bde39e1b9d118aa235f1c3db2d6,"Take me home, son of thunder, mu",Nani Boi,en,nigerian_context_childrens_stories,uncertain,CC-BY-4.0,https://www.africanstorybook.org/read/downloadbook.php?id=39417&a=1&d=0&layout=landscape,STAGED_UNAPPROVED,PENDING,,,,,PENDING,,,,,PENDING,,,,,PENDING,,,,,PENDING,,,,
gutenberg-beginners-language-41288,133f3afa6e15de4789f589a42c02fc2a3f231595b4ebdb86a5ece2b8ab2f3601,a67bc3a7e86e3b2ee0c275e3d54e17afe0cf630f09e95386e36a8634ab2a8ecc,Beginners' Book in Language: A Book for the Third Grade,Harry Jewett Jeschke,en,english_reading_composition,global,US-PUBLIC-DOMAIN,https://www.gutenberg.org/ebooks/41288,STAGED_UNAPPROVED,PENDING,,,,,PENDING,,,,,PENDING,,,,,PENDING,,,,,PENDING,,,,
gutenberg-mcguffey-third-14766,923d0320d2306b82984a66a7fcff5169b547d820f0bbeb466648db2f8af433f6,c90d0be65906b8b4a186983e897894b3a44369ff398fdae4dd7cc6e320b41e7c,McGuffey's Third Eclectic Reader,William Holmes McGuffey,en,english_reading_composition,global,US-PUBLIC-DOMAIN,https://www.gutenberg.org/ebooks/14766,STAGED_UNAPPROVED,PENDING,,,,,PENDING,,,,,PENDING,,,,,PENDING,,,,,PENDING,,,,
siyavula-mathematics-grade-4-ost-col11101,cc85e77810226e346cb9780e95a7f9e77b112d3c7640382b8c698067c9e634a4,a44fba1c3f8d8430219ccef8a2560d933dd4d69bf56a0c910ded35e7426cf3b8,Mathematics Grade 4,Siyavula Uploaders,en-ZA,primary_mathematics,african,CC-BY-3.0,https://archive.org/details/ost-math-col11101,STAGED_UNAPPROVED,PENDING,,,,,PENDING,,,,,PENDING,,,,,PENDING,,,,,PENDING,,,,
siyavula-mathematics-grade-5-ost-col10994,c1a13479682deef3d31a33da9f5bf0c4b5a5fe3ff8c275f0b741f922e78f16db,950f4dc3ed9246071da3a0f9ea5bf86ce24afd90513e53b37e876d0b3a0ad423,Mathematics Grade 5,Siyavula Uploaders,en-ZA,primary_mathematics,african,CC-BY-3.0,https://archive.org/details/ost-math-col10994,STAGED_UNAPPROVED,PENDING,,,,,PENDING,,,,,PENDING,,,,,PENDING,,,,,PENDING,,,,
siyavula-mathematics-grade-6-cnx-col11030,3aeaae7f7a90b298be587bb1d00b1729eb212cf91d3b0de35fd8a20496971e52,ee20e9c0e2598980265dce858e960de0932aba00883847b82de056a9b9cfa5f7,Mathematics Grade 6,Siyavula Uploaders,en-ZA,primary_mathematics,african,CC-BY-3.0,https://archive.org/details/cnx-org-col11030,QUARANTINED,PENDING,,,,,PENDING,,,,,PENDING,,,,,PENDING,,,,,PENDING,,,,
storybooks-nigeria-en-0001,4fbf2cccbea358933c9960229d2fc509cdd26c6e483216be80c6b20afb2e869c,5e0d33a7d03bad5b3140e6dbe48a8fcba6616f78503b3a80f0b99a78ecbd7d46,A very tall man,Cornelius Gulere,en,nigerian_context_childrens_stories,african,CC-BY-3.0,https://global-asp.github.io/storybooks-nigeria/stories/en/0001/,STAGED_UNAPPROVED,PENDING,,,,,PENDING,,,,,PENDING,,,,,PENDING,,,,,PENDING,,,,
storybooks-nigeria-en-0004,37a94dc6188d5d1f039e9f0fa0fe4cc3cdcc54c65163cbb92f2c1eeb5dcf3a52,7e8dfc3afdd6f16218314c880e155d7453bd805ce9fcbd0256d6fb18e1c65167,"Goat, Dog, and Cow",Fabian Wakholi,en,nigerian_context_childrens_stories,african,CC-BY-3.0,https://global-asp.github.io/storybooks-nigeria/stories/en/0004/,STAGED_UNAPPROVED,PENDING,,,,,PENDING,,,,,PENDING,,,,,PENDING,,,,,PENDING,,,,
storybooks-nigeria-en-0006,10443df452ac05b0efeeb038168d848e0496129efcf81bb3b173d847c05ba321,15efc62247a290dc05826ec5849de12ddd605bed45c20b384a5115431397cfbb,Anansi and Wisdom,Ghanaian folktale,en,nigerian_context_childrens_stories,african,CC-BY-3.0,https://global-asp.github.io/storybooks-nigeria/stories/en/0006/,STAGED_UNAPPROVED,PENDING,,,,,PENDING,,,,,PENDING,,,,,PENDING,,,,,PENDING,,,,
storybooks-nigeria-en-0008,188eeccc3f8f990fee46ba3f160366764b36d9293ef1406b93cc62df1eccbbc1,1420400eeda4088fd45dc9993ceb0dd669c188e8a03701d610213226222efa8b,What are you doing?,Nina Orange,en,nigerian_context_childrens_stories,african,CC-BY-3.0,https://global-asp.github.io/storybooks-nigeria/stories/en/0008/,STAGED_UNAPPROVED,PENDING,,,,,PENDING,,,,,PENDING,,,,,PENDING,,,,,PENDING,,,,
storybooks-nigeria-en-0027,a4d058ab621973c179804bef43ff84a75746d4f62c938a9f6be70d99c140b156,2ab90b99116b4d97e6999fe7dfba24173e454548fc6d24764353b7a731c60572,Decision,Ursula Nafula,en,nigerian_context_childrens_stories,african,CC-BY-4.0,https://global-asp.github.io/storybooks-nigeria/stories/en/0027/,STAGED_UNAPPROVED,PENDING,,,,,PENDING,,,,,PENDING,,,,,PENDING,,,,,PENDING,,,,
storybooks-nigeria-en-0052,2ce46f86ba37d3be7faa34ca7d05a3a4db7d8048a4832397ae706dbb1610a7a1,a694e547a00866db751d2a42267f2c78a6ebf81bafcd2acb07d8bcbf3cb6806d,Simbegwire,Rukia Nantale,en,nigerian_context_childrens_stories,african,CC-BY-3.0,https://global-asp.github.io/storybooks-nigeria/stories/en/0052/,STAGED_UNAPPROVED,PENDING,,,,,PENDING,,,,,PENDING,,,,,PENDING,,,,,PENDING,,,,
storybooks-nigeria-en-0066,11b7199f8c469d4f164be575a6e96dca40d1a4c464538fe85eca5d51d6c1c2f2,c8330211abfee266a738e71f8b1b6a7e4bc1977883c580a814ad218fe9a16bdc,Nozibele and the three hairs,Tessa Welch,en,nigerian_context_childrens_stories,african,CC-BY-3.0,https://global-asp.github.io/storybooks-nigeria/stories/en/0066/,STAGED_UNAPPROVED,PENDING,,,,,PENDING,,,,,PENDING,,,,,PENDING,,,,,PENDING,,,,
storybooks-nigeria-en-0072,39c45f28a597e105141400632149a8112f2f47caee64003e8473c811c7bc7ec3,44cb4c2115c7af69a16c90b41e635f39e350c1aea27b67416f1a0f792166e147,The Honeyguide's revenge,Zulu folktale,en,nigerian_context_childrens_stories,african,CC-BY-3.0,https://global-asp.github.io/storybooks-nigeria/stories/en/0072/,STAGED_UNAPPROVED,PENDING,,,,,PENDING,,,,,PENDING,,,,,PENDING,,,,,PENDING,,,,
storybooks-nigeria-en-0087,841e2fb5dfce0ea030dd956be498a97a7d757e5aca189c5ff8930f65cf37ecd2,30d8fae31de2269b3e5a9ae83b1eecfe9500e7c99fa089b684d58b8425eb07af,I like to read!,Letta Machoga,en,nigerian_context_childrens_stories,african,CC-BY-3.0,https://global-asp.github.io/storybooks-nigeria/stories/en/0087/,STAGED_UNAPPROVED,PENDING,,,,,PENDING,,,,,PENDING,,,,,PENDING,,,,,PENDING,,,,
storybooks-nigeria-en-0089,e4b6404f0f2c52ab2caaf964aa6f866cf4cdd35d9036d019be5fc4cd776942a6,d8f11a2d66a002372e3613a913ec1cf9cc38f61af590851c07e8d766bd1537a8,Khalai talks to plants,Ursula Nafula,en,nigerian_context_childrens_stories,african,CC-BY-4.0,https://global-asp.github.io/storybooks-nigeria/stories/en/0089/,STAGED_UNAPPROVED,PENDING,,,,,PENDING,,,,,PENDING,,,,,PENDING,,,,,PENDING,,,,
storybooks-nigeria-en-0095,b8258fbe933abf5521341f8c56b95800e889ef70356b5671819e591f4a94b9c6,5b930f4a65e5eab2cfc97cd543e65d06f21ed02a6088095416d8dbeb66c3caba,Zama is great!,Michael Oguttu,en,nigerian_context_childrens_stories,african,CC-BY-3.0,https://global-asp.github.io/storybooks-nigeria/stories/en/0095/,STAGED_UNAPPROVED,PENDING,,,,,PENDING,,,,,PENDING,,,,,PENDING,,,,,PENDING,,,,
storybooks-nigeria-en-0110,26380f8e67773cc1f493d0c2d84c8651e41e7281a6288966709d8e80694ba783,ec5b6bd37de05eb3a9e885f703fe728d6b5333508ccfd2a6f6e5b51f2609a125,A Tiny Seed: The Story of Wangari Maathai,Nicola Rijsdijk,en,nigerian_context_childrens_stories,african,CC-BY-4.0,https://global-asp.github.io/storybooks-nigeria/stories/en/0110/,STAGED_UNAPPROVED,PENDING,,,,,PENDING,,,,,PENDING,,,,,PENDING,,,,,PENDING,,,,
storybooks-nigeria-en-0111,9b45e8e999d4e441b3362e14059cc77eae9cc7e59b86542565b2d9585a5bc618,894948a5b5c41189fa6ad9886be5dab770307816a15641b22c903d4eda06b422,Why hippos have no hair,"Basilio Gimo, David Ker",en,nigerian_context_childrens_stories,african,CC-BY-3.0,https://global-asp.github.io/storybooks-nigeria/stories/en/0111/,STAGED_UNAPPROVED,PENDING,,,,,PENDING,,,,,PENDING,,,,,PENDING,,,,,PENDING,,,,
storybooks-nigeria-en-0141,d0cff1f6dded6dae3e2ef6c7c73a4aeb9f1a15a825293b033b4d7cb7f796e738,1d1d672850f73c74eec7ba7c255c3247dd566581a9947354c2de56c07575ec75,Chicken and Millipede,Winny Asara,en,nigerian_context_childrens_stories,african,CC-BY-3.0,https://global-asp.github.io/storybooks-nigeria/stories/en/0141/,STAGED_UNAPPROVED,PENDING,,,,,PENDING,,,,,PENDING,,,,,PENDING,,,,,PENDING,,,,
storybooks-nigeria-en-0156,ce72a0b69846985b9f0818bee8b56a8fd792903ad6aa252cda1d8bdc109af0b6,094783627d0e3c021bb8089780b73edfb591dda69c4e91c0820172dcde633cbd,The hungry crocodile,Christian G.,en,nigerian_context_childrens_stories,african,CC-BY-3.0,https://global-asp.github.io/storybooks-nigeria/stories/en/0156/,STAGED_UNAPPROVED,PENDING,,,,,PENDING,,,,,PENDING,,,,,PENDING,,,,,PENDING,,,,
storybooks-nigeria-en-0158,c387c6682322e33d0a4ca2e0c5fc75fa9c4d3dc583d132d71980115308e7bede,07a336ca115bc8188d0ad5d98ea94ea2f540dd0365d49a6e939380d7da7737d5,Hen and Eagle,Ann Nduku,en,nigerian_context_childrens_stories,african,CC-BY-3.0,https://global-asp.github.io/storybooks-nigeria/stories/en/0158/,STAGED_UNAPPROVED,PENDING,,,,,PENDING,,,,,PENDING,,,,,PENDING,,,,,PENDING,,,,
storybooks-nigeria-en-0201,62b21da246dfa854c324b2656fd362b1cbc922b05149de0b9cce95460d189dfe,f4a73d3f7ce8e4101c1a6e1089d176fa59d867b1dcf45d380ac9c4901e85e852,Donkey Child,Lindiwe Matshikiza,en,nigerian_context_childrens_stories,african,CC-BY-4.0,https://global-asp.github.io/storybooks-nigeria/stories/en/0201/,STAGED_UNAPPROVED,PENDING,,,,,PENDING,,,,,PENDING,,,,,PENDING,,,,,PENDING,,,,
storybooks-nigeria-en-0210,059a53b8eafed084ca0339335f7c421ef64e17a068dde07545c9763ccf30a1e1,7771e2b5250259ebf578d0b852ec8cc5f7d24caffec2f46ac439455457cfff66,Tingi and the cows,Ingrid Schechter,en,nigerian_context_childrens_stories,african,CC-BY-3.0,https://global-asp.github.io/storybooks-nigeria/stories/en/0210/,STAGED_UNAPPROVED,PENDING,,,,,PENDING,,,,,PENDING,,,,,PENDING,,,,,PENDING,,,,
storybooks-nigeria-en-0243,4dc22bddd286d4b57e0d1b1e74bfa66633f119c111be3f635425ac4c13087325,6e85e437e036248cf3a4ac3bd35950d813e859a016ed29f6f1315c3f5c3ac2f2,Holidays with grandmother,Violet Otieno,en,nigerian_context_childrens_stories,african,CC-BY-4.0,https://global-asp.github.io/storybooks-nigeria/stories/en/0243/,STAGED_UNAPPROVED,PENDING,,,,,PENDING,,,,,PENDING,,,,,PENDING,,,,,PENDING,,,,
storybooks-nigeria-en-0262,17cca581cb243f9aee884c7405434c7c0474c4b1a5f3fc435c9652d3e38fd1f6,a9efa00ae6816367376c4b8ac5a83bdd47923edceca596b6ea9cc11f5f6edb1e,Magozwe,Lesley Koyi,en,nigerian_context_childrens_stories,african,CC-BY-4.0,https://global-asp.github.io/storybooks-nigeria/stories/en/0262/,QUARANTINED,PENDING,,,,,PENDING,,,,,PENDING,,,,,PENDING,,,,,PENDING,,,,
storybooks-nigeria-en-0291,c8426f9435eac1ba0f857f924805429666da755abfca6184689b3d9efb798d6c,47ef7ee7b8e82fc1f0b396ef70de67822d5e6013ce53904781248cd9e9538e02,What Vusi's sister said,Nina Orange,en,nigerian_context_childrens_stories,african,CC-BY-3.0,https://global-asp.github.io/storybooks-nigeria/stories/en/0291/,STAGED_UNAPPROVED,PENDING,,,,,PENDING,,,,,PENDING,,,,,PENDING,,,,,PENDING,,,,
storybooks-nigeria-en-0294,934f4d98a3112def848096459e3033cbf9a299c2fd53823fc41e39062a991458,338c5455a8ea3d8beab9e95539a9e4283c8ea1ebf53021bb46033ef1460955d3,Grandma's bananas,Ursula Nafula,en,nigerian_context_childrens_stories,african,CC-BY-3.0,https://global-asp.github.io/storybooks-nigeria/stories/en/0294/,STAGED_UNAPPROVED,PENDING,,,,,PENDING,,,,,PENDING,,,,,PENDING,,,,,PENDING,,,,
storybooks-nigeria-en-0296,62e91168e3ec0ecbc2e604baf73c33b1b69ee65848ae5199fc25c6bfcf71efa7,461f3cb76cf30e0aba44f1df1cad1b4720d573c327fe709b06522560871e0a95,Tom the banana seller,Humphreys Odunga,en,nigerian_context_childrens_stories,african,CC-BY-4.0,https://global-asp.github.io/storybooks-nigeria/stories/en/0296/,STAGED_UNAPPROVED,PENDING,,,,,PENDING,,,,,PENDING,,,,,PENDING,,,,,PENDING,,,,
storybooks-nigeria-en-0302,8b2eab28d9ae11962f66cfd1fb42459d8b4f6e742ea398e5d96328e4f1ae6e12,c78a6113e57c694364b17550324544fdae7a370d7cbc8defe1b77c4e341b9bd6,Fire,"Deborah Namugosa, Beatrice Nabune, Alison Tukei, Rose Sabano",en,nigerian_context_childrens_stories,african,CC-BY-3.0,https://global-asp.github.io/storybooks-nigeria/stories/en/0302/,STAGED_UNAPPROVED,PENDING,,,,,PENDING,,,,,PENDING,,,,,PENDING,,,,,PENDING,,,,
storybooks-nigeria-en-0315,19f8c60e2f3ff4399cce4fb617ee0f9ad5c61b13a7c0331a0f9d011ddbca82c7,0646227c3ca21062a925ab88f384b27fd17c36ae79c4453b8660bdf69ea73de5,Sakima's song,Ursula Nafula,en,nigerian_context_childrens_stories,african,CC-BY-4.0,https://global-asp.github.io/storybooks-nigeria/stories/en/0315/,STAGED_UNAPPROVED,PENDING,,,,,PENDING,,,,,PENDING,,,,,PENDING,,,,,PENDING,,,,
storybooks-nigeria-en-0324,087cc98065e05f8a09a19afec3423c80206cb621e60f758a8170aeb3f6388982,24a48aca4d579367c44805fdc432f256e77687e87441f22e1346997360c1c68c,The day I left home for the city,"Lesley Koyi, Ursula Nafula",en,nigerian_context_childrens_stories,african,CC-BY-4.0,https://global-asp.github.io/storybooks-nigeria/stories/en/0324/,STAGED_UNAPPROVED,PENDING,,,,,PENDING,,,,,PENDING,,,,,PENDING,,,,,PENDING,,,,
storybooks-nigeria-en-0327,b0538593457e44adb0c6b33a3e05c5062930f95c146226dadf250a1e97ca88bb,95168a8a5a5d2a114b4081b110e2fc968b65e244c0430b7cf5768a03dedcc88b,Counting animals,"Zanele Buthelezi, Thembani Dladla, Clare Verbeek",en,nigerian_context_childrens_stories,african,CC-BY-3.0,https://global-asp.github.io/storybooks-nigeria/stories/en/0327/,STAGED_UNAPPROVED,PENDING,,,,,PENDING,,,,,PENDING,,,,,PENDING,,,,,PENDING,,,,
storybooks-nigeria-en-0337,805b0a167d90bcb25e47de2a6296d57c29b42904b02952c422d4c5327a08cfb0,6b7fb5221f31d0a1b2ac3b60cba2f3fda25231c9ac2144bd259ecb7c5c4ab751,Children of wax,Southern African Folktale,en,nigerian_context_childrens_stories,african,CC-BY-3.0,https://global-asp.github.io/storybooks-nigeria/stories/en/0337/,STAGED_UNAPPROVED,PENDING,,,,,PENDING,,,,,PENDING,,,,,PENDING,,,,,PENDING,,,,
storybooks-nigeria-en-0342,09250e771c10a4dd548e9a99427e0a1835b1439e9241e679895abe26dc922d7b,3c45d1f58408372758db871f18de4150c68497c5d370a04ce7dbe6a0a5b756ae,Punishment,Adelheid Marie Bwire,en,nigerian_context_childrens_stories,african,CC-BY-3.0,https://global-asp.github.io/storybooks-nigeria/stories/en/0342/,STAGED_UNAPPROVED,PENDING,,,,,PENDING,,,,,PENDING,,,,,PENDING,,,,,PENDING,,,,
storybooks-nigeria-ha-0001,9083e1f5cf9b09e21e3c9306bb77bb9cee06d7bdda2b97d9aba99d14e4b82ae6,26fcda66bdb11e134914f9d9a9b883f2015b959deb0780e3a0d9c3cafab794dd,Wani Dogon Mutum,Cornelius Gulere,ha,nigerian_context_childrens_stories,nigerian,CC-BY-3.0,https://global-asp.github.io/storybooks-nigeria/stories/ha/0001/,STAGED_UNAPPROVED,PENDING,,,,,PENDING,,,,,PENDING,,,,,PENDING,,,,,PENDING,,,,
storybooks-nigeria-ha-0087,d19091b05e35c522ac35eea875ad850cd4ce9d30ae9026ea8f4c3aeab299e89a,286335a670aedd078ba417474f008deb6a0629bdbf0a33f14fa4fba2850ae5a2,Ina San Karatu,Letta Machoga,ha,nigerian_context_childrens_stories,nigerian,CC-BY-3.0,https://global-asp.github.io/storybooks-nigeria/stories/ha/0087/,QUARANTINED,PENDING,,,,,PENDING,,,,,PENDING,,,,,PENDING,,,,,PENDING,,,,
storybooks-nigeria-ha-0110,45c33d968f4aeb80cd12be472ea9b41efeb5d409cd157e2a576fd2fb9223486f,36bb45f765a492540d2667dc180447bb5cad727a3da708dbded03f19a54a54eb,Mitsitsin Iri: Labarin Wangari Maathai,Nicola Rijsdijk,ha,nigerian_context_childrens_stories,nigerian,CC-BY-4.0,https://global-asp.github.io/storybooks-nigeria/stories/ha/0110/,STAGED_UNAPPROVED,PENDING,,,,,PENDING,,,,,PENDING,,,,,PENDING,,,,,PENDING,,,,
storybooks-nigeria-ha-0327,f5fae7d4685dd8303e7476c3157d32b8daeea5bf66cc25f5cc903cf6dd560273,27dae2f5ad42b439e5104ffd02a808a1d09b4c192927e58f938773159a75590c,Kidayar Dabbobi,"Zanele Buthelezi, Thembani Dladla, Clare Verbeek",ha,nigerian_context_childrens_stories,nigerian,CC-BY-3.0,https://global-asp.github.io/storybooks-nigeria/stories/ha/0327/,STAGED_UNAPPROVED,PENDING,,,,,PENDING,,,,,PENDING,,,,,PENDING,,,,,PENDING,,,,
storybooks-nigeria-pcm-0001,ef2a1de39a2c8830238b724fba0e1ea5658f868d14d1b9e5a418637065b29c94,fa9b5dc144549acf04fd89df0c83990a580b40ea5ebc4ef8b86602fac7cbbb3d,Na longie man o,Cornelius Gulere,pcm-NG,nigerian_context_childrens_stories,nigerian,CC-BY-3.0,https://global-asp.github.io/storybooks-nigeria/stories/pcm/0001/,STAGED_UNAPPROVED,PENDING,,,,,PENDING,,,,,PENDING,,,,,PENDING,,,,,PENDING,,,,
storybooks-nigeria-pcm-0004,7be74dcb4119c2f464aa0752f4cd472afb37edcbd1fdd9de7b5ff17c251703c8,7ddf3fd05dd3310ebbc456a54df60d06cd66c9c4f406a5bdcd64f8267ceb8d1e,"Goat, dog, and Malu",Fabian Wakholi,pcm-NG,nigerian_context_childrens_stories,nigerian,CC-BY-3.0,https://global-asp.github.io/storybooks-nigeria/stories/pcm/0004/,STAGED_UNAPPROVED,PENDING,,,,,PENDING,,,,,PENDING,,,,,PENDING,,,,,PENDING,,,,
storybooks-nigeria-pcm-0066,fa46bf0a0b3d1de377305f814296b2d4691e8d368a00bbd3d0a4d2d49229451a,09b97403f85265505562b743b524cbd013bdd1390aac190789008b940224931f,Nozibele an three hairs,Tessa Welch,pcm-NG,nigerian_context_childrens_stories,nigerian,CC-BY-3.0,https://global-asp.github.io/storybooks-nigeria/stories/pcm/0066/,STAGED_UNAPPROVED,PENDING,,,,,PENDING,,,,,PENDING,,,,,PENDING,,,,,PENDING,,,,
storybooks-nigeria-pcm-0089,7ab59467228a92e4bbf27c2f7f50be0b152177bf8371d9009c5fce5b9e3eac67,f3e9025d99fd35f8d1da63e8ea209e57fdfeddd815aba426d9e2369b2c44def2,Khalai yan with plant,Ursula Nafula,pcm-NG,nigerian_context_childrens_stories,nigerian,CC-BY-4.0,https://global-asp.github.io/storybooks-nigeria/stories/pcm/0089/,STAGED_UNAPPROVED,PENDING,,,,,PENDING,,,,,PENDING,,,,,PENDING,,,,,PENDING,,,,
storybooks-nigeria-pcm-0095,0cb58bd7e3e30c8b1f4b312bf889aec5d42d7100142e8dc3f46aeeb2cb28aa6b,373ea2070c67b18812d600071f8954745eb1efb1ed6a00ea9b66d1f88db4d61c,Zana dey great!,Michael Oguttu,pcm-NG,nigerian_context_childrens_stories,nigerian,CC-BY-3.0,https://global-asp.github.io/storybooks-nigeria/stories/pcm/0095/,STAGED_UNAPPROVED,PENDING,,,,,PENDING,,,,,PENDING,,,,,PENDING,,,,,PENDING,,,,
storybooks-nigeria-pcm-0210,8eed993d235acd500cc11f410389cf20a4eeda5dcd5335840453f6bd474da833,411da1db96e1ecd425162749a036e5f8ac1dbae48cabf1aacef3864c6d37b510,Tingi and cows,Ingrid Schechter,pcm-NG,nigerian_context_childrens_stories,nigerian,CC-BY-3.0,https://global-asp.github.io/storybooks-nigeria/stories/pcm/0210/,STAGED_UNAPPROVED,PENDING,,,,,PENDING,,,,,PENDING,,,,,PENDING,,,,,PENDING,,,,
storybooks-nigeria-pcm-0327,c2f93eaf4e1b2d9fe844a4bbc5f91831273f86294b8206d98a21de6c77c7e927,4578e890eb9aa3b75df3f07e149095f0bd5cf074f17d12124c958033764ef601,Count animals,"Zanele Buthelezi, Thembani Dladla, Clare Verbeek",pcm-NG,nigerian_context_childrens_stories,nigerian,CC-BY-3.0,https://global-asp.github.io/storybooks-nigeria/stories/pcm/0327/,STAGED_UNAPPROVED,PENDING,,,,,PENDING,,,,,PENDING,,,,,PENDING,,,,,PENDING,,,,
storybooks-nigeria-yo-0001,9c515af9744698af9457dcc55cdd3968b075bb157aa8a6b8f1e78850311f9ace,e2eaa38d3f6f19e28d8ae3145073c50ca3d0211a684aaadb2a11f68acdc30a78,Ọkùnrin gíga púpọ̀ kan,Cornelius Gulere,yo,nigerian_context_childrens_stories,nigerian,CC-BY-3.0,https://global-asp.github.io/storybooks-nigeria/stories/yo/0001/,STAGED_UNAPPROVED,PENDING,,,,,PENDING,,,,,PENDING,,,,,PENDING,,,,,PENDING,,,,
storybooks-nigeria-yo-0087,16f41809aa6869691aa3d1a13d4eab549de11d5dad8b03756aa38cb503397631,22f81c6484fa08b21667fbac251241c9e6949a707c911ca77c687e239384e787,Mo fẹ́ràn kàwé,Letta Machoga,yo,nigerian_context_childrens_stories,nigerian,CC-BY-3.0,https://global-asp.github.io/storybooks-nigeria/stories/yo/0087/,QUARANTINED,PENDING,,,,,PENDING,,,,,PENDING,,,,,PENDING,,,,,PENDING,,,,
storybooks-nigeria-yo-0110,4193f247d0eb6b1d51b193d67c16fc3474e2dc85c9c30e4f5063425f361756d6,9bd843002842162bee4c8481a756f1428d8908b447e2cbf718cde791bcd5e4d4,Èso kékeré kan: Ìtàn tí Wangari Maathai,Nicola Rijsdijk,yo,nigerian_context_childrens_stories,nigerian,CC-BY-4.0,https://global-asp.github.io/storybooks-nigeria/stories/yo/0110/,STAGED_UNAPPROVED,PENDING,,,,,PENDING,,,,,PENDING,,,,,PENDING,,,,,PENDING,,,,
storybooks-nigeria-yo-0141,b2af33691451b2ce0882c0323e1870b4756be0fc58e76fc12de5fbcb5a184a4a,ab9fc22bba73dde00a584368cbdc78b72b6c155a9959173f7d1a7a1e15fb5d9d,Adìyẹ àti Ọ̀ọ̀kùn,Winny Asara,yo,nigerian_context_childrens_stories,nigerian,CC-BY-3.0,https://global-asp.github.io/storybooks-nigeria/stories/yo/0141/,STAGED_UNAPPROVED,PENDING,,,,,PENDING,,,,,PENDING,,,,,PENDING,,,,,PENDING,,,,
storybooks-nigeria-yo-0302,d15d40529dbc299459a065df00f15ab4911168d4a3a6fec61b3ce6785a7f1f17,6fc5ca1ff653f9a3aba19d03bd4458bed3e8d55fd8ccc8a64d922cc5c41c3517,Íná,"Deborah Namugosa, Beatrice Nabune, Alison Tukei, Rose Sabano",yo,nigerian_context_childrens_stories,nigerian,CC-BY-3.0,https://global-asp.github.io/storybooks-nigeria/stories/yo/0302/,QUARANTINED,PENDING,,,,,PENDING,,,,,PENDING,,,,,PENDING,,,,,PENDING,,,,
storybooks-nigeria-yo-0327,5b88cf125bc12ab4a5ab84bc0267ec1f6f8496418827fe9e7143718fec0b4c6c,c24246e1aa58871f68d825fd87dac875cee27b7cd1863eacdd2abdda71d34cfc,Kíka àwọn ẹranko,"Zanele Buthelezi, Thembani Dladla, Clare Verbeek",yo,nigerian_context_childrens_stories,nigerian,CC-BY-3.0,https://global-asp.github.io/storybooks-nigeria/stories/yo/0327/,STAGED_UNAPPROVED,PENDING,,,,,PENDING,,,,,PENDING,,,,,PENDING,,,,,PENDING,,,,
wikijunior-africa-nigeria-r4416499,332eda101c6634cd96130dcd18eb14ae400fa0c05909f849688abd6dbd6843a7,7ce54e6db029335cc59c1985814b56ed590a27b7e9cf6c316433bccf3132589b,Wikijunior: Africa — Nigeria,Wikibooks contributors,en,local_geography,nigerian,CC-BY-SA-4.0,https://en.wikibooks.org/w/index.php?title=Wikijunior:Africa/Nigeria&oldid=4416499,STAGED_UNAPPROVED,PENDING,,,,,PENDING,,,,,PENDING,,,,,PENDING,,,,,PENDING,,,,
wikijunior-how-computers-work-r4055667,ab9c0ea77733684814050a6b2c803df460ef518854466c10256a221e469be78a,15663015ae4fd081033021464ff3ff15a996bf23fa97fb9a0d1a753c97c2ea72,Wikijunior: How Things Work — Computer,Wikibooks contributors,en,age_appropriate_computer_studies,global,CC-BY-SA-4.0,https://en.wikibooks.org/w/index.php?title=Wikijunior:How_Things_Work/Computer&oldid=4055667,STAGED_UNAPPROVED,PENDING,,,,,PENDING,,,,,PENDING,,,,,PENDING,,,,,PENDING,,,,
