document_id,text_sha256,title,creator,license,source_url,teacher_decision,teacher_reviewer_name,teacher_reviewer_role,teacher_reviewed_at,teacher_notes,safeguarding_decision,safeguarding_reviewer_name,safeguarding_reviewer_role,safeguarding_reviewed_at,safeguarding_notes
storybooks-nigeria-en-0001,5e0d33a7d03bad5b3140e6dbe48a8fcba6616f78503b3a80f0b99a78ecbd7d46,A very tall man,Cornelius Gulere,CC-BY-3.0,https://global-asp.github.io/storybooks-nigeria/stories/en/0001/,PENDING,,,,,PENDING,,,,
storybooks-nigeria-en-0004,7e8dfc3afdd6f16218314c880e155d7453bd805ce9fcbd0256d6fb18e1c65167,"Goat, Dog, and Cow",Fabian Wakholi,CC-BY-3.0,https://global-asp.github.io/storybooks-nigeria/stories/en/0004/,PENDING,,,,,PENDING,,,,
storybooks-nigeria-en-0006,15efc62247a290dc05826ec5849de12ddd605bed45c20b384a5115431397cfbb,Anansi and Wisdom,Ghanaian folktale,CC-BY-3.0,https://global-asp.github.io/storybooks-nigeria/stories/en/0006/,PENDING,,,,,PENDING,,,,
storybooks-nigeria-en-0008,1420400eeda4088fd45dc9993ceb0dd669c188e8a03701d610213226222efa8b,What are you doing?,Nina Orange,CC-BY-3.0,https://global-asp.github.io/storybooks-nigeria/stories/en/0008/,PENDING,,,,,PENDING,,,,
storybooks-nigeria-en-0027,2ab90b99116b4d97e6999fe7dfba24173e454548fc6d24764353b7a731c60572,Decision,Ursula Nafula,CC-BY-4.0,https://global-asp.github.io/storybooks-nigeria/stories/en/0027/,PENDING,,,,,PENDING,,,,
storybooks-nigeria-en-0052,a694e547a00866db751d2a42267f2c78a6ebf81bafcd2acb07d8bcbf3cb6806d,Simbegwire,Rukia Nantale,CC-BY-3.0,https://global-asp.github.io/storybooks-nigeria/stories/en/0052/,PENDING,,,,,PENDING,,,,
storybooks-nigeria-en-0066,c8330211abfee266a738e71f8b1b6a7e4bc1977883c580a814ad218fe9a16bdc,Nozibele and the three hairs,Tessa Welch,CC-BY-3.0,https://global-asp.github.io/storybooks-nigeria/stories/en/0066/,PENDING,,,,,PENDING,,,,
storybooks-nigeria-en-0072,44cb4c2115c7af69a16c90b41e635f39e350c1aea27b67416f1a0f792166e147,The Honeyguide's revenge,Zulu folktale,CC-BY-3.0,https://global-asp.github.io/storybooks-nigeria/stories/en/0072/,PENDING,,,,,PENDING,,,,
storybooks-nigeria-en-0087,30d8fae31de2269b3e5a9ae83b1eecfe9500e7c99fa089b684d58b8425eb07af,I like to read!,Letta Machoga,CC-BY-3.0,https://global-asp.github.io/storybooks-nigeria/stories/en/0087/,PENDING,,,,,PENDING,,,,
storybooks-nigeria-en-0089,d8f11a2d66a002372e3613a913ec1cf9cc38f61af590851c07e8d766bd1537a8,Khalai talks to plants,Ursula Nafula,CC-BY-4.0,https://global-asp.github.io/storybooks-nigeria/stories/en/0089/,PENDING,,,,,PENDING,,,,
storybooks-nigeria-en-0095,5b930f4a65e5eab2cfc97cd543e65d06f21ed02a6088095416d8dbeb66c3caba,Zama is great!,Michael Oguttu,CC-BY-3.0,https://global-asp.github.io/storybooks-nigeria/stories/en/0095/,PENDING,,,,,PENDING,,,,
storybooks-nigeria-en-0110,ec5b6bd37de05eb3a9e885f703fe728d6b5333508ccfd2a6f6e5b51f2609a125,A Tiny Seed: The Story of Wangari Maathai,Nicola Rijsdijk,CC-BY-4.0,https://global-asp.github.io/storybooks-nigeria/stories/en/0110/,PENDING,,,,,PENDING,,,,
storybooks-nigeria-en-0111,894948a5b5c41189fa6ad9886be5dab770307816a15641b22c903d4eda06b422,Why hippos have no hair,"Basilio Gimo, David Ker",CC-BY-3.0,https://global-asp.github.io/storybooks-nigeria/stories/en/0111/,PENDING,,,,,PENDING,,,,
storybooks-nigeria-en-0141,1d1d672850f73c74eec7ba7c255c3247dd566581a9947354c2de56c07575ec75,Chicken and Millipede,Winny Asara,CC-BY-3.0,https://global-asp.github.io/storybooks-nigeria/stories/en/0141/,PENDING,,,,,PENDING,,,,
storybooks-nigeria-en-0156,094783627d0e3c021bb8089780b73edfb591dda69c4e91c0820172dcde633cbd,The hungry crocodile,Christian G.,CC-BY-3.0,https://global-asp.github.io/storybooks-nigeria/stories/en/0156/,PENDING,,,,,PENDING,,,,
storybooks-nigeria-en-0158,07a336ca115bc8188d0ad5d98ea94ea2f540dd0365d49a6e939380d7da7737d5,Hen and Eagle,Ann Nduku,CC-BY-3.0,https://global-asp.github.io/storybooks-nigeria/stories/en/0158/,PENDING,,,,,PENDING,,,,
storybooks-nigeria-en-0201,f4a73d3f7ce8e4101c1a6e1089d176fa59d867b1dcf45d380ac9c4901e85e852,Donkey Child,Lindiwe Matshikiza,CC-BY-4.0,https://global-asp.github.io/storybooks-nigeria/stories/en/0201/,PENDING,,,,,PENDING,,,,
storybooks-nigeria-en-0210,7771e2b5250259ebf578d0b852ec8cc5f7d24caffec2f46ac439455457cfff66,Tingi and the cows,Ingrid Schechter,CC-BY-3.0,https://global-asp.github.io/storybooks-nigeria/stories/en/0210/,PENDING,,,,,PENDING,,,,
storybooks-nigeria-en-0243,6e85e437e036248cf3a4ac3bd35950d813e859a016ed29f6f1315c3f5c3ac2f2,Holidays with grandmother,Violet Otieno,CC-BY-4.0,https://global-asp.github.io/storybooks-nigeria/stories/en/0243/,PENDING,,,,,PENDING,,,,
storybooks-nigeria-en-0262,a9efa00ae6816367376c4b8ac5a83bdd47923edceca596b6ea9cc11f5f6edb1e,Magozwe,Lesley Koyi,CC-BY-4.0,https://global-asp.github.io/storybooks-nigeria/stories/en/0262/,PENDING,,,,,PENDING,,,,
storybooks-nigeria-en-0291,47ef7ee7b8e82fc1f0b396ef70de67822d5e6013ce53904781248cd9e9538e02,What Vusi's sister said,Nina Orange,CC-BY-3.0,https://global-asp.github.io/storybooks-nigeria/stories/en/0291/,PENDING,,,,,PENDING,,,,
storybooks-nigeria-en-0294,338c5455a8ea3d8beab9e95539a9e4283c8ea1ebf53021bb46033ef1460955d3,Grandma's bananas,Ursula Nafula,CC-BY-3.0,https://global-asp.github.io/storybooks-nigeria/stories/en/0294/,PENDING,,,,,PENDING,,,,
storybooks-nigeria-en-0296,461f3cb76cf30e0aba44f1df1cad1b4720d573c327fe709b06522560871e0a95,Tom the banana seller,Humphreys Odunga,CC-BY-4.0,https://global-asp.github.io/storybooks-nigeria/stories/en/0296/,PENDING,,,,,PENDING,,,,
storybooks-nigeria-en-0302,c78a6113e57c694364b17550324544fdae7a370d7cbc8defe1b77c4e341b9bd6,Fire,"Deborah Namugosa, Beatrice Nabune, Alison Tukei, Rose Sabano",CC-BY-3.0,https://global-asp.github.io/storybooks-nigeria/stories/en/0302/,PENDING,,,,,PENDING,,,,
storybooks-nigeria-en-0315,0646227c3ca21062a925ab88f384b27fd17c36ae79c4453b8660bdf69ea73de5,Sakima's song,Ursula Nafula,CC-BY-4.0,https://global-asp.github.io/storybooks-nigeria/stories/en/0315/,PENDING,,,,,PENDING,,,,
storybooks-nigeria-en-0324,24a48aca4d579367c44805fdc432f256e77687e87441f22e1346997360c1c68c,The day I left home for the city,"Lesley Koyi, Ursula Nafula",CC-BY-4.0,https://global-asp.github.io/storybooks-nigeria/stories/en/0324/,PENDING,,,,,PENDING,,,,
storybooks-nigeria-en-0327,95168a8a5a5d2a114b4081b110e2fc968b65e244c0430b7cf5768a03dedcc88b,Counting animals,"Zanele Buthelezi, Thembani Dladla, Clare Verbeek",CC-BY-3.0,https://global-asp.github.io/storybooks-nigeria/stories/en/0327/,PENDING,,,,,PENDING,,,,
storybooks-nigeria-en-0337,6b7fb5221f31d0a1b2ac3b60cba2f3fda25231c9ac2144bd259ecb7c5c4ab751,Children of wax,Southern African Folktale,CC-BY-3.0,https://global-asp.github.io/storybooks-nigeria/stories/en/0337/,PENDING,,,,,PENDING,,,,
storybooks-nigeria-en-0342,3c45d1f58408372758db871f18de4150c68497c5d370a04ce7dbe6a0a5b756ae,Punishment,Adelheid Marie Bwire,CC-BY-3.0,https://global-asp.github.io/storybooks-nigeria/stories/en/0342/,PENDING,,,,,PENDING,,,,
